,FECHA_ALTA,llamadas,0
0,2016-11-05,1,3.941823710708748
1,2016-11-06,6,3.4482158109624153
2,2016-11-07,13,12.915613917941931
3,2016-11-08,11,13.112852356535775
4,2016-11-09,11,11.766844568103425
5,2016-11-10,13,11.392009474408438
6,2016-11-11,11,12.848378178413965
7,2016-11-12,6,7.440425793570453
8,2016-11-13,7,6.363717546680503
9,2016-11-14,15,13.498714265085548
10,2016-11-15,19,14.279053050823011
11,2016-11-16,12,16.431647345252365
12,2016-11-17,6,11.975109821552055
13,2016-11-18,13,8.766675748408641
14,2016-11-19,10,8.606626487857689
15,2016-11-20,3,8.696118935254972
16,2016-11-21,2,11.166312876511078
17,2016-11-22,10,6.698748537955983
18,2016-11-23,11,11.183744220959806
19,2016-11-24,10,11.392009474408438
20,2016-11-25,18,11.09907713698311
21,2016-11-26,8,11.522128223575777
22,2016-11-27,5,7.529918240967738
23,2016-11-28,7,12.332513570798314
24,2016-11-29,8,9.61425027367407
25,2016-11-30,7,10.01754352667257
26,2016-12-01,14,8.022792263500278
27,2016-12-02,14,12.394662703223894
28,2016-12-03,5,8.152911012667618
29,2016-12-04,4,4.743801377203197
30,2016-12-05,17,10.712597401321007
31,2016-12-06,11,14.408437922776557
32,2016-12-07,16,10.730028745769737
33,2016-12-08,8,13.270695387792836
34,2016-12-09,9,8.896060620362189
35,2016-12-10,5,5.237409276949531
36,2016-12-11,5,4.743801377203197
37,2016-12-12,16,11.295697748464626
38,2016-12-13,12,13.82533757563294
39,2016-12-14,15,11.313129092913353
40,2016-12-15,18,12.687595040649219
41,2016-12-16,14,14.727064091798365
42,2016-12-18,5,9.991704501495754
43,2016-12-19,12,11.295697748464626
44,2016-12-20,6,11.49293618705847
45,2016-12-21,9,7.814527010051648
46,2016-12-22,11,9.188992957787514
47,2016-12-23,6,10.645361661793041
48,2016-12-24,3,3.4881082355186783
49,2016-12-25,4,3.5776006829159623
50,2016-12-26,13,10.712597401321007
51,2016-12-27,12,12.076036534202087
52,2016-12-28,10,11.313129092913353
53,2016-12-29,11,9.772093304931131
54,2016-12-30,8,10.645361661793041
55,2017-01-01,1,7.321992593795123
56,2017-01-02,12,9.79218653505123
57,2017-01-03,12,12.321826362219543
58,2017-01-04,8,12.142019268074426
59,2017-01-05,14,9.43478278580497
60,2017-01-06,10,13.223552878384966
61,2017-01-07,5,6.649399799254221
62,2017-01-08,1,5.572691552364271
63,2017-01-09,16,9.79218653505123
64,2017-01-10,17,14.654227750794012
65,2017-01-11,10,15.057521003792512
66,2017-01-12,9,10.600983480092204
67,2017-01-13,10,10.30805114266688
68,2017-01-14,3,6.649399799254221
69,2017-01-15,4,4.406490858077036
70,2017-01-16,12,11.54148757648208
71,2017-01-17,18,12.321826362219543
72,2017-01-18,19,15.640621350936131
73,2017-01-19,12,15.848886604384761
74,2017-01-20,11,12.057352184097732
75,2017-01-21,5,7.232500146397839
76,2017-01-22,5,5.572691552364271
77,2017-01-23,13,12.124587923625699
78,2017-01-24,13,12.90492670936316
79,2017-01-25,11,12.725119615218043
80,2017-01-26,11,11.184083827235822
81,2017-01-27,10,11.474251836954114
82,2017-01-28,10,6.649399799254221
83,2017-01-29,3,8.488193288082357
84,2017-01-30,14,10.958387229338463
85,2017-01-31,13,13.488027056506777
86,2017-02-01,14,14.124667847761545
87,2017-02-02,5,14.332933101210175
88,2017-02-03,14,9.37519798663591
89,2017-02-04,6,10.381349420372192
90,2017-02-05,3,7.5553401320513895
91,2017-02-06,7,12.357935461881965
92,2017-02-07,19,10.805872859044957
93,2017-02-08,16,17.623269930623252
94,2017-02-09,10,15.49913379549741
95,2017-02-10,11,12.290699722353997
96,2017-02-11,6,8.63204837894134
97,2017-02-12,5,7.5553401320513895
98,2017-02-13,13,13.5241361561692
99,2017-02-14,17,14.304474941906662
100,2017-02-15,14,16.457069236336014
101,2017-02-16,11,14.332933101210175
102,2017-02-17,13,12.873800069497616
103,2017-02-18,8,9.798249073228575
104,2017-02-19,6,8.721540826338623
105,2017-02-20,21,14.107236503312818
106,2017-02-21,18,18.9692777190556
107,2017-02-22,12,17.04016958347963
108,2017-02-23,13,13.166732406922941
109,2017-02-24,13,14.040000763784851
110,2017-02-25,2,9.798249073228575
111,2017-02-26,4,5.222938743476919
112,2017-02-27,13,12.941035809025582
113,2017-02-28,21,14.304474941906662
114,2017-03-01,12,20.736219039864963
115,2017-03-02,18,15.113480821877417
116,2017-03-03,11,18.902250914457415
117,2017-03-04,10,10.578796793895815
118,2017-03-05,13,11.834489935580335
119,2017-03-06,14,20.135687348272615
120,2017-03-07,16,16.834323704004753
121,2017-03-08,7,17.820717304146875
122,2017-03-09,12,12.197979086159329
123,2017-03-10,17,15.40364883159571
124,2017-03-11,9,14.07739887675752
125,2017-03-12,6,11.251389588436718
126,2017-03-13,13,16.053984918267293
127,2017-03-14,11,16.25122335686114
128,2017-03-15,6,14.905215568428787
129,2017-03-16,11,11.614878739015712
130,2017-03-17,7,14.820548484452091
131,2017-03-18,6,8.246395405321346
132,2017-03-19,8,9.502088547005865
133,2017-03-20,10,17.220185612554527
134,2017-03-21,13,14.501922315430285
135,2017-03-22,14,16.07141626271602
136,2017-03-23,11,16.27968151616465
137,2017-03-24,10,14.820548484452091
138,2017-03-25,7,9.995696446752198
139,2017-03-26,11,10.085188894149482
140,2017-03-27,20,18.96948665398538
141,2017-03-28,14,20.33292578686646
142,2017-03-29,7,16.654516609859638
143,2017-03-30,16,12.197979086159329
144,2017-03-31,13,17.736050220170178
145,2017-04-01,4,12.10008793001971
146,2017-04-02,3,8.690978294555288
147,2017-04-03,6,14.659774318673099
148,2017-04-04,13,12.524611368692474
149,2017-04-05,11,16.42650670455268
150,2017-04-06,6,14.885470916570458
151,2017-04-07,8,12.260137190570664
152,2017-04-08,7,9.184586194301621
153,2017-04-09,11,10.44027933598614
154,2017-04-10,6,19.32457709582204
155,2017-04-11,15,12.524611368692474
156,2017-04-12,18,17.592707398839913
157,2017-04-13,7,18.96717334657578
158,2017-04-14,5,12.84323753771428
159,2017-04-15,11,7.435285152870769
160,2017-04-16,4,12.772680724560612
161,2017-04-17,10,15.242874665816716
162,2017-04-18,13,14.857012757266943
163,2017-04-19,18,16.42650670455268
164,2017-04-20,14,18.96717334657578
165,2017-04-21,11,16.924939967719602
166,2017-04-22,13,10.933887235732474
167,2017-04-23,4,13.938881418847846
168,2017-04-24,16,15.242874665816716
169,2017-04-25,10,18.35561484012865
170,2017-04-26,11,14.677205663121827
171,2017-04-27,16,14.885470916570458
172,2017-04-28,14,18.091140662006836
173,2017-04-29,7,12.683188277163326
174,2017-04-30,11,10.44027933598614
175,2017-05-01,13,16.256021295082178
176,2017-05-02,15,13.537757997957932
177,2017-05-03,13,14.524151598100051
178,2017-05-04,16,12.983115810117829
179,2017-05-05,13,15.022584861266973
180,2017-05-06,8,9.031532129279846
181,2017-05-07,4,7.954823882389894
182,2017-05-08,11,12.174318865076852
183,2017-05-09,9,12.371557303670697
184,2017-05-10,14,11.025549515238346
185,2017-05-11,8,13.566216157261445
186,2017-05-12,10,10.357782084118034
187,2017-05-13,10,7.282231087848992
188,2017-05-14,18,9.12102457667713
189,2017-05-15,12,20.337723725087496
190,2017-05-16,11,12.954657650814315
191,2017-05-17,18,12.191750209525582
192,2017-05-18,11,15.898617545835917
193,2017-05-19,15,12.107083125548886
194,2017-05-20,10,10.197732823567081
195,2017-05-21,6,9.12102457667713
196,2017-05-22,10,13.340519559364088
197,2017-05-23,8,11.78845695652708
198,2017-05-24,3,10.442449168094727
199,2017-05-25,12,7.152112338681654
200,2017-05-26,13,12.690183472692505
201,2017-05-27,10,9.031532129279846
202,2017-05-28,14,9.12102457667713
203,2017-05-29,22,18.005322336513025
204,2017-05-30,11,18.785661122250488
205,2017-05-31,20,12.191750209525582
206,2017-06-01,10,16.643862051062975
207,2017-06-02,14,11.103026589345093
208,2017-06-03,8,9.193676287363289
209,2017-06-04,5,7.533867693329721
210,2017-06-05,14,12.336463023160297
211,2017-06-06,15,13.699902156041375
212,2017-06-07,18,14.103195409039877
213,2017-06-08,15,15.477661356775743
214,2017-06-09,15,14.018528325063182
215,2017-06-10,10,9.776776634506907
216,2017-06-11,10,8.700068387616955
217,2017-06-12,17,15.251964758878383
218,2017-06-13,11,15.449203197472228
219,2017-06-14,14,11.770794020465408
220,2017-06-15,14,13.145259968201271
221,2017-06-16,16,13.435427977919565
222,2017-06-17,10,10.359876981650524
223,2017-06-18,5,8.700068387616955
224,2017-06-19,16,12.336463023160297
225,2017-06-20,12,14.86610285032861
226,2017-06-21,12,12.353894367609024
227,2017-06-22,15,11.979059273914038
228,2017-06-23,12,14.018528325063182
229,2017-06-24,5,8.027475593076055
230,2017-06-25,12,5.784566651898868
231,2017-06-26,15,16.41816545316562
232,2017-06-27,8,14.283002503184994
233,2017-06-28,9,10.021492979034555
234,2017-06-29,14,10.229758232483185
235,2017-06-30,5,13.435427977919565
236,2017-07-01,9,3.5991940860135885
237,2017-07-02,4,7.770388963416195
238,2017-07-03,14,11.406783598959535
239,2017-07-04,18,13.353323078984232
240,2017-07-05,14,15.505917373413586
241,2017-07-06,15,12.798680891144128
242,2017-07-07,12,13.671949248006039
243,2017-07-08,10,7.680896516018912
244,2017-07-09,10,8.353489310559812
245,2017-07-10,6,14.90538568182124
246,2017-07-11,8,8.688520301835293
247,2017-07-12,12,9.674913901977412
248,2017-07-13,16,11.632480196856894
249,2017-07-14,11,14.255049595149655
250,2017-07-15,12,7.097796168875293
251,2017-07-16,6,9.519690004847048
252,2017-07-17,10,12.57298429324677
253,2017-07-18,12,11.020921690409763
254,2017-07-19,9,12.007315290551881
255,2017-07-20,5,9.883179155426042
256,2017-07-21,7,7.840945776569864
257,2017-07-22,8,4.765394780300824
258,2017-07-23,15,7.1872886162725775
259,2017-07-24,7,17.82088741753933
260,2017-07-25,10,9.27162064897891
261,2017-07-26,12,10.841114596264646
262,2017-07-27,11,11.632480196856894
263,2017-07-28,6,11.339547859431569
264,2017-07-29,8,4.182294433157207
265,2017-07-30,6,7.1872886162725775
266,2017-07-31,15,12.57298429324677
267,2017-08-01,15,14.576723174638742
268,2017-08-02,14,14.396916080493625
269,2017-08-03,11,13.43898063965502
270,2017-08-04,12,11.97984760794246
271,2017-08-05,10,8.321196264529803
272,2017-08-06,6,8.993789059070703
273,2017-08-07,8,13.213284041757662
274,2017-08-08,7,10.495020744633418
275,2017-08-09,12,9.732113303344683
276,2017-08-10,12,12.272779945367786
277,2017-08-11,14,12.562947955086079
278,2017-08-12,5,9.487396958817037
279,2017-08-13,6,6.078287323352615
280,2017-08-14,9,13.213284041757662
281,2017-08-15,15,11.078121091777037
282,2017-08-16,11,14.396916080493625
283,2017-08-17,14,11.689679598224169
284,2017-08-18,12,13.729148649373313
285,2017-08-19,11,8.321196264529803
286,2017-08-20,7,9.57688940621432
287,2017-08-21,16,13.796384388901279
288,2017-08-22,10,15.159823521782359
289,2017-08-23,29,11.481414344775537
290,2017-08-24,18,22.185485846809282
291,2017-08-25,13,16.061550037947782
292,2017-08-26,7,8.90429661167342
293,2017-08-27,8,7.24448801763985
294,2017-08-28,19,14.379484736044896
295,2017-08-29,9,16.90912456321321
296,2017-08-30,9,10.89831399763192
297,2017-08-31,10,10.523478903936933
298,2017-09-01,5,11.697412202590916
299,2017-09-02,9,4.540158776316554
300,2017-09-03,10,8.711353653719161
301,2017-09-04,8,15.846350372124206
302,2017-09-05,10,10.795685686425493
303,2017-09-06,12,11.782079286567612
304,2017-09-07,12,12.57344488715986
305,2017-09-08,8,12.863612896878154
306,2017-09-09,4,6.289459817747407
307,2017-09-10,8,5.795851918001073
308,2017-09-11,13,14.68014967783697
309,2017-09-12,6,13.711187422143581
310,2017-09-13,6,9.449677897993142
311,2017-09-14,9,9.074842804298155
312,2017-09-15,6,11.114311855447301
313,2017-09-16,10,5.123259123460173
314,2017-09-17,9,9.294454000862778
315,2017-09-18,11,15.26325002498059
316,2017-09-19,6,12.544986727856346
317,2017-09-20,3,9.449677897993142
318,2017-09-21,7,7.325541762867303
319,2017-09-22,7,9.948111161160064
320,2017-09-23,7,5.70635947060379
321,2017-09-24,5,7.545152959431926
322,2017-09-25,8,12.93084863640612
323,2017-09-26,5,10.795685686425493
324,2017-09-27,12,8.866577550849524
325,2017-09-28,12,12.57344488715986
326,2017-09-29,7,12.863612896878154
327,2017-09-30,4,5.70635947060379
328,2017-10-01,7,5.8093241249582785
329,2017-10-02,15,14.110521537650559
330,2017-10-03,9,14.890860323388022
331,2017-10-04,9,11.2124511463812
332,2017-10-05,12,10.837616052686213
333,2017-10-06,7,12.877085103835359
334,2017-10-07,7,5.719831677560994
335,2017-10-08,9,7.558625166389131
336,2017-10-09,18,15.276722231937795
337,2017-10-10,13,16.640161364818873
338,2017-10-11,4,13.54485253495567
339,2017-10-12,13,7.922114316968125
340,2017-10-13,13,13.460185450978976
341,2017-10-14,6,9.2184337604227
342,2017-10-15,9,6.975524819245514
343,2017-10-16,10,15.276722231937795
344,2017-10-17,3,11.975358587669934
345,2017-10-18,12,7.713849063519495
346,2017-10-19,12,12.586917094117066
347,2017-10-20,7,12.877085103835359
348,2017-10-21,9,5.719831677560994
349,2017-10-22,5,8.724825860676367
350,2017-10-23,12,12.944320843363325
351,2017-10-24,6,13.14155928195717
352,2017-10-25,4,9.463150104950348
353,2017-10-26,6,7.922114316968125
354,2017-10-27,4,9.378483020973652
355,2017-10-28,10,3.970530636130142
356,2017-10-29,8,9.307926207819984
357,2017-10-30,12,14.693621884794176
358,2017-10-31,8,13.14155928195717
359,2017-11-01,13,10.01754352667257
360,2017-11-02,9,12.558210168695672
361,2017-11-03,11,10.515976789839494
362,2017-11-04,11,7.440425793570453
363,2017-11-05,12,9.27921928239859
364,2017-11-06,13,16.414216000803634
365,2017-11-07,16,13.112852356535775
366,2017-11-08,10,14.682346303821511
367,2017-11-09,10,10.808909127264819
368,2017-11-10,14,11.09907713698311
369,2017-11-11,10,9.189726835001306
370,2017-11-12,6,8.696118935254972
371,2017-11-13,10,12.915613917941931
372,2017-11-14,5,11.363551315104923
373,2017-11-15,12,8.268242485241718
374,2017-11-16,4,11.975109821552055
375,2017-11-17,8,7.600475054121407
376,2017-11-18,8,5.691124752139601
377,2017-11-19,15,7.529918240967738
378,2017-11-20,11,18.16351704223449
379,2017-11-21,12,11.94665166224854
380,2017-11-22,5,12.349944915247042
381,2017-11-23,13,7.893407391546733
382,2017-11-24,4,12.848378178413965
383,2017-11-25,9,3.3587233635651312
384,2017-11-26,3,8.113018588111355
385,2017-11-27,19,11.166312876511078
386,2017-11-28,15,16.61145443939748
387,2017-11-29,8,14.099245956677894
388,2017-11-30,13,9.642708432977585
389,2017-12-01,9,11.811562356080277
390,2017-12-02,6,5.237409276949531
391,2017-12-03,5,5.326901724346815
392,2017-12-04,11,11.295697748464626
393,2017-12-05,15,10.909835839914852
394,2017-12-06,8,13.062430134344206
395,2017-12-07,4,8.605892610643897
396,2017-12-08,10,6.563659231787719
397,2017-12-09,6,5.820509624093148
398,2017-12-10,6,5.326901724346815
399,2017-12-11,16,11.878798095608243
400,2017-12-12,6,13.82533757563294
401,2017-12-13,10,7.814527010051648
402,2017-12-14,10,9.772093304931131
403,2017-12-15,12,10.062261314649422
404,2017-12-16,9,6.986710318380384
405,2017-12-17,5,7.076202765777667
406,2017-12-18,14,11.295697748464626
407,2017-12-19,15,12.659136881345704
408,2017-12-20,14,13.062430134344206
409,2017-12-21,11,12.1044946935056
410,2017-12-22,7,10.645361661793041
411,2017-12-23,8,4.071208582662296
412,2017-12-24,6,6.49310241863405
413,2017-12-25,3,11.878798095608243
414,2017-12-26,10,6.245033062765913
415,2017-12-27,10,10.146928398626118
416,2017-12-28,11,9.772093304931131
417,2017-12-29,9,10.645361661793041
418,2017-12-30,4,5.237409276949531
419,2017-12-31,3,4.160701030059579
420,2018-01-01,3,10.958387229338463
421,2018-01-02,12,7.073923237926986
422,2018-01-03,12,12.142019268074426
423,2018-01-04,17,11.76718417437944
424,2018-01-05,10,14.972853919815817
425,2018-01-06,6,6.649399799254221
426,2018-01-07,8,6.155791899507888
427,2018-01-08,10,13.87388896505655
428,2018-01-09,13,11.155625667932307
429,2018-01-10,13,12.725119615218043
430,2018-01-11,12,12.350284521523056
431,2018-01-12,7,12.057352184097732
432,2018-01-13,8,4.900098757823368
433,2018-01-14,12,7.321992593795123
434,2018-01-15,14,16.20629035363102
435,2018-01-16,10,13.488027056506777
436,2018-01-17,10,10.97581857378719
437,2018-01-18,14,10.600983480092204
438,2018-01-19,5,13.223552878384966
439,2018-01-20,5,3.733898063536134
440,2018-01-21,12,5.572691552364271
441,2018-01-22,15,16.20629035363102
442,2018-01-23,9,14.071127403650395
443,2018-01-24,14,10.392718226643574
444,2018-01-25,14,12.933384868666673
445,2018-01-26,13,13.223552878384966
446,2018-01-27,11,8.398700840685073
447,2018-01-28,12,9.071293635225976
448,2018-01-29,11,16.20629035363102
449,2018-01-30,9,11.738726015075924
450,2018-01-31,11,10.392718226643574
451,2018-02-01,12,12.583632059779324
452,2018-02-02,8,13.456900416641234
453,2018-02-03,4,6.882747337510487
454,2018-02-04,11,6.389139437764154
455,2018-02-05,15,17.022738239030907
456,2018-02-06,13,15.470675636193898
457,2018-02-07,12,14.124667847761545
458,2018-02-08,5,13.166732406922941
459,2018-02-09,7,9.37519798663591
460,2018-02-10,8,6.2996469903668695
461,2018-02-11,8,8.721540826338623
462,2018-02-12,22,15.273437197600051
463,2018-02-13,10,19.552378066199218
464,2018-02-14,14,12.375366806330693
465,2018-02-15,14,14.332933101210175
466,2018-02-16,9,14.623101110928468
467,2018-02-17,18,7.465847684654105
468,2018-02-18,14,14.5525442977748
469,2018-02-19,16,18.772039280461755
470,2018-02-20,15,16.053775983337516
471,2018-02-21,14,15.29086854204878
472,2018-02-22,13,14.332933101210175
473,2018-02-23,16,14.040000763784851
474,2018-02-24,16,11.547550114659428
475,2018-02-25,15,13.386343603487564
476,2018-02-26,9,19.355139627605375
477,2018-02-27,11,11.972073553332192
478,2018-02-28,16,12.958467153474311
479,2018-03-01,10,17.445882210451884
480,2018-03-02,13,14.237448137308473
481,2018-03-03,11,11.744997488183051
482,2018-03-04,11,12.417590282723953
483,2018-03-05,20,18.96948665398538
484,2018-03-06,19,20.33292578686646
485,2018-03-07,17,19.570018345577726
486,2018-03-08,11,18.028982557595505
487,2018-03-09,10,14.820548484452091
488,2018-03-10,8,9.995696446752198
489,2018-03-11,8,10.668289241293099
490,2018-03-12,16,17.220185612554527
491,2018-03-13,15,18.00052439829199
492,2018-03-14,16,17.237616957003254
493,2018-03-15,9,17.445882210451884
494,2018-03-16,9,13.654347790164856
495,2018-03-17,17,9.412596099608582
496,2018-03-18,14,15.916192365585657
497,2018-03-19,12,20.718787695416232
498,2018-03-20,8,15.66812300971752
499,2018-03-21,17,13.155914526997933
500,2018-03-22,10,18.028982557595505
501,2018-03-23,17,14.237448137308473
502,2018-03-24,14,14.07739887675752
503,2018-03-25,11,14.166891324154804
504,2018-03-26,11,18.96948665398538
505,2018-03-27,11,15.085022662573902
506,2018-03-28,12,14.905215568428787
507,2018-03-29,10,15.113480821877417
508,2018-03-30,13,14.237448137308473
509,2018-03-31,15,11.744997488183051
510,2018-04-01,14,15.105082113135081
511,2018-04-02,9,21.07387813725289
512,2018-04-03,10,14.273912410123327
513,2018-04-04,24,14.677205663121827
514,2018-04-05,24,22.465775429437485
515,2018-04-06,14,22.75594343915578
516,2018-04-07,8,12.683188277163326
517,2018-04-08,16,11.023379683129757
518,2018-04-09,10,22.240078831540124
519,2018-04-10,19,14.857012757266943
520,2018-04-11,16,19.925108787414384
521,2018-04-12,11,17.800972652288543
522,2018-04-13,19,15.17563892628875
523,2018-04-14,12,15.598690012881415
524,2018-04-15,9,13.355781071704229
525,2018-04-16,15,18.158376401534802
526,2018-04-17,18,17.77251449298503
527,2018-04-18,18,19.342008440270767
528,2018-04-19,22,18.96717334657578
529,2018-04-20,19,21.58974274486854
530,2018-04-21,8,15.598690012881415
531,2018-04-22,17,11.023379683129757
532,2018-04-23,17,22.823179178683745
533,2018-04-24,15,18.938715187272265
534,2018-04-25,11,17.592707398839913
535,2018-04-26,12,14.885470916570458
536,2018-04-27,15,15.758739273432369
537,2018-04-28,9,13.266288624306945
538,2018-04-29,14,11.606480030273376
539,2018-04-30,20,21.07387813725289
540,2018-05-01,10,17.619460427963254
541,2018-05-02,13,11.608649862381963
542,2018-05-03,15,12.983115810117829
543,2018-05-04,11,14.439484514123356
544,2018-05-05,17,7.86533143499261
545,2018-05-06,12,13.202727006682451
546,2018-05-07,14,16.83912164222579
547,2018-05-08,7,14.12085834510155
548,2018-05-09,6,9.85934882095111
549,2018-05-10,8,8.901413380112507
550,2018-05-11,15,10.357782084118034
551,2018-05-12,9,10.197732823567081
552,2018-05-13,13,8.537924229533512
553,2018-05-14,17,17.42222198936941
554,2018-05-15,13,15.870159386532402
555,2018-05-16,29,13.357950903812815
556,2018-05-17,21,22.312721364415708
557,2018-05-18,22,17.93808659698506
558,2018-05-19,15,14.279435253572403
559,2018-05-20,11,12.036526312395218
560,2018-05-21,12,16.256021295082178
561,2018-05-22,12,12.954657650814315
562,2018-05-23,22,12.774850556669199
563,2018-05-24,24,18.231018934410386
564,2018-05-25,12,19.687387638415913
565,2018-05-26,9,8.448431782136229
566,2018-05-27,10,8.537924229533512
567,2018-05-28,30,15.672920947938557
568,2018-05-29,25,23.450463899399427
569,2018-05-30,16,20.355155069536224
570,2018-05-31,14,14.732416851548681
571,2018-06-01,22,13.435427977919565
572,2018-06-02,12,13.85847906451223
573,2018-06-03,12,9.866269081904191
574,2018-06-04,11,16.41816545316562
575,2018-06-05,15,11.950601114610523
576,2018-06-06,16,14.103195409039877
577,2018-06-07,14,14.311460662488507
578,2018-06-08,17,13.435427977919565
579,2018-06-09,16,10.942977328794141
580,2018-06-10,10,12.19867047047866
581,2018-06-11,26,15.251964758878383
582,2018-06-12,15,20.697106321764785
583,2018-06-13,16,14.103195409039877
584,2018-06-14,14,14.311460662488507
585,2018-06-15,11,13.435427977919565
586,2018-06-16,13,7.444375245932436
587,2018-06-17,10,10.449369429047808
588,2018-06-18,12,15.251964758878383
589,2018-06-19,14,12.533701461754141
590,2018-06-20,9,13.520095061896258
591,2018-06-21,18,10.229758232483185
592,2018-06-22,16,15.767829366494036
593,2018-06-23,8,10.359876981650524
594,2018-06-24,10,7.533867693329721
595,2018-06-25,11,15.251964758878383
596,2018-06-26,11,11.950601114610523
597,2018-06-27,16,11.770794020465408
598,2018-06-28,11,14.311460662488507
599,2018-06-29,8,11.686126936488712
600,2018-06-30,13,5.695074204501584
601,2018-07-01,7,10.102790351990665
602,2018-07-02,15,13.156084640390388
603,2018-07-03,18,13.93642342612785
604,2018-07-04,12,15.505917373413586
605,2018-07-05,17,11.632480196856894
606,2018-07-06,13,14.838149942293272
607,2018-07-07,19,8.263996863162529
608,2018-07-08,14,13.60139243485237
609,2018-07-09,16,17.23778707039571
610,2018-07-10,12,14.519523773271468
611,2018-07-11,23,12.007315290551881
612,2018-07-12,14,18.046584015436686
613,2018-07-13,15,13.088848900862422
614,2018-07-14,13,9.430197557449764
615,2018-07-15,13,10.102790351990665
616,2018-07-16,6,16.65468672325209
617,2018-07-17,18,8.688520301835293
618,2018-07-18,20,15.505917373413586
619,2018-07-19,11,16.29728297400583
620,2018-07-20,12,11.339547859431569
621,2018-07-21,13,7.680896516018912
622,2018-07-22,12,10.102790351990665
623,2018-07-23,26,16.071586376108478
624,2018-07-24,12,20.350527244707642
625,2018-07-25,19,12.007315290551881
626,2018-07-26,14,15.714182626862216
627,2018-07-27,18,13.088848900862422
628,2018-07-28,16,11.179498598880617
629,2018-07-29,19,11.852091393421517
630,2018-07-30,13,20.1532888061138
631,2018-07-31,5,12.770222731840615
632,2018-08-01,8,8.565912609057449
633,2018-08-02,14,9.940378556793316
634,2018-08-03,13,13.729148649373313
635,2018-08-04,10,8.90429661167342
636,2018-08-05,12,8.993789059070703
637,2018-08-06,19,16.71188612461937
638,2018-08-07,18,16.90912456321321
639,2018-08-08,15,16.14621712192448
640,2018-08-09,18,14.022080986798638
641,2018-08-10,17,16.061550037947782
642,2018-08-11,8,11.23669800024789
643,2018-08-12,4,7.827588364783468
644,2018-08-13,20,12.047083347470426
645,2018-08-14,18,17.49222491035683
646,2018-08-15,26,16.14621712192448
647,2018-08-16,21,20.436184805378428
648,2018-08-17,21,17.810851079378637
649,2018-08-18,14,13.56909938882236
650,2018-08-19,19,11.326190447645173
651,2018-08-20,11,20.793588554624687
652,2018-08-21,10,12.24432178606427
653,2018-08-22,15,11.481414344775537
654,2018-08-23,18,14.022080986798638
655,2018-08-24,18,16.061550037947782
656,2018-08-25,14,11.819798347391508
657,2018-08-26,13,11.326190447645173
658,2018-08-27,25,17.294986471762982
659,2018-08-28,21,20.407726646074913
660,2018-08-29,18,17.89551816335533
661,2018-08-30,17,15.77138202822949
662,2018-08-31,19,15.478449690804164
663,2018-09-01,12,12.7035636363272
664,2018-09-02,15,10.460654695150014
665,2018-09-03,21,18.761852107842294
666,2018-09-04,15,18.375990199292524
667,2018-09-05,21,14.6975810222857
668,2018-09-06,15,17.821348011452418
669,2018-09-07,16,14.612913938309005
670,2018-09-08,22,10.954262594896347
671,2018-09-09,14,16.29165816658619
672,2018-09-10,20,18.178751760698674
673,2018-09-11,18,17.792889852148903
674,2018-09-12,27,16.44688206371655
675,2018-09-13,10,21.319950094314123
676,2018-09-14,10,11.697412202590916
677,2018-09-15,9,7.455660512034642
678,2018-09-16,10,8.711353653719161
679,2018-09-17,13,15.846350372124206
680,2018-09-18,32,13.711187422143581
681,2018-09-19,19,24.610286923727195
682,2018-09-20,20,16.65514731716518
683,2018-09-21,11,17.528415674027094
684,2018-09-22,12,8.038760859178259
685,2018-09-23,12,10.460654695150014
686,2018-09-24,18,17.01255106641144
687,2018-09-25,22,16.62668915786167
688,2018-09-26,14,18.779283452291022
689,2018-09-27,12,13.739645581447094
690,2018-09-28,16,12.863612896878154
691,2018-09-29,12,10.954262594896347
692,2018-09-30,13,10.460654695150014
693,2018-10-01,20,17.609123620512264
694,2018-10-02,23,17.806362059106107
695,2018-10-03,21,19.375856006391842
696,2018-10-04,24,17.83482021840962
697,2018-10-05,21,19.87428926955877
698,2018-10-06,14,13.88323653757164
699,2018-10-07,15,11.640327596394453
700,2018-10-08,29,18.775324314799498
701,2018-10-09,17,23.054265183398666
702,2018-10-10,20,15.877253923530139
703,2018-10-11,20,17.251719871266005
704,2018-10-12,17,17.541887880984298
705,2018-10-13,14,11.55083514899717
706,2018-10-14,4,11.640327596394453
707,2018-10-15,15,12.361220496219707
708,2018-10-16,14,14.890860323388022
709,2018-10-17,17,14.127952882099287
710,2018-10-18,23,15.502418829835152
711,2018-10-19,24,19.29118892241515
712,2018-10-20,14,15.632537579002493
713,2018-10-21,12,11.640327596394453
714,2018-10-22,13,17.026023273368647
715,2018-10-23,23,13.724659629100787
716,2018-10-24,24,19.375856006391842
717,2018-10-25,21,19.584121259840476
718,2018-10-26,13,18.124988228127915
719,2018-10-27,9,9.2184337604227
720,2018-10-28,21,8.724825860676367
721,2018-10-29,13,22.273926397661203
722,2018-10-30,13,13.724659629100787
723,2018-10-31,9,13.54485253495567
724,2018-11-01,18,10.225808780121202
725,2018-11-02,7,15.763879914132053
726,2018-11-03,14,5.108024404995983
727,2018-11-04,17,11.028520323829442
728,2018-11-05,7,19.329717736521722
729,2018-11-06,15,9.61425027367407
730,2018-11-07,23,14.099245956677894
731,2018-11-08,23,18.389213640131846
732,2018-11-09,7,18.679381649850136
733,2018-11-10,9,5.108024404995983
734,2018-11-11,8,8.113018588111355
735,2018-11-12,22,14.081814612229165
736,2018-11-13,16,18.36075548082833
737,2018-11-14,16,14.682346303821511
738,2018-11-15,14,14.307511210126524
739,2018-11-16,11,13.431478525557582
740,2018-11-17,6,7.440425793570453
741,2018-11-18,6,6.363717546680503
742,2018-11-19,8,12.915613917941931
743,2018-11-20,7,10.197350620817687
744,2018-11-21,10,9.434443179528953
745,2018-11-22,13,10.808909127264819
746,2018-11-23,13,12.848378178413965
747,2018-11-24,16,8.606626487857689
748,2018-11-25,9,12.194721018116677
749,2018-11-26,12,14.664914959372783
750,2018-11-27,15,12.529752009392158
751,2018-11-28,11,14.099245956677894
752,2018-11-29,8,11.392009474408438
753,2018-11-30,11,9.932876442695877
754,2018-12-01,11,6.403609971236765
755,2018-12-02,16,8.242403460064903
756,2018-12-03,15,17.709801567044416
757,2018-12-04,22,13.242237228489323
758,2018-12-05,13,17.144132564349526
759,2018-12-06,15,11.521394346361983
760,2018-12-07,26,12.97776305036751
761,2018-12-08,11,15.150115178391028
762,2018-12-09,3,8.242403460064903
763,2018-12-10,12,10.12949705417739
764,2018-12-11,15,11.49293618705847
765,2018-12-12,12,13.062430134344206
766,2018-12-13,14,10.938293999218367
767,2018-12-14,18,12.394662703223894
768,2018-12-15,13,10.485312401242089
769,2018-12-16,10,9.408604154352137
770,2018-12-17,15,14.211199484182712
771,2018-12-18,21,13.242237228489323
772,2018-12-19,8,16.561032217205913
773,2018-12-20,22,8.605892610643897
774,2018-12-21,8,17.059465480372833
775,2018-12-22,11,4.654308929805913
776,2018-12-23,9,8.242403460064903
777,2018-12-24,8,13.628099137039095
778,2018-12-25,10,9.160534798483999
779,2018-12-26,9,10.146928398626118
780,2018-12-27,13,9.188992957787514
781,2018-12-28,9,11.811562356080277
782,2018-12-29,6,5.237409276949531
783,2018-12-30,8,5.326901724346815
784,2018-12-31,8,13.044998789895477
785,2019-01-01,5,9.989424973645072
786,2019-01-02,14,8.060316838069104
787,2019-01-03,17,12.933384868666673
788,2019-01-04,8,14.972853919815817
789,2019-01-05,13,5.483199104966987
790,2019-01-06,9,10.23749432951321
791,2019-01-07,20,14.456989312200168
792,2019-01-08,13,16.986629139368482
793,2019-01-09,17,12.725119615218043
794,2019-01-10,14,14.682685910097526
795,2019-01-11,21,13.223552878384966
796,2019-01-12,6,13.063503617834014
797,2019-01-13,7,6.155791899507888
798,2019-01-14,14,13.290788617912932
799,2019-01-15,23,13.488027056506777
800,2019-01-16,11,18.556123086654218
801,2019-01-17,22,11.184083827235822
802,2019-01-18,14,17.888355655533907
803,2019-01-19,10,8.98180118782869
804,2019-01-20,6,8.488193288082357
805,2019-01-21,24,12.707688270769316
806,2019-01-22,22,19.319030527942953
807,2019-01-23,24,17.9730227395106
808,2019-01-24,15,18.76438834010285
809,2019-01-25,14,13.806653225528583
810,2019-01-26,15,8.98180118782869
811,2019-01-27,5,11.403695023800445
812,2019-01-28,24,12.124587923625699
813,2019-01-29,14,19.319030527942953
814,2019-01-30,19,13.30821996236166
815,2019-01-31,12,15.848886604384761
816,2019-02-01,14,13.456900416641234
817,2019-02-02,11,10.381349420372192
818,2019-02-03,9,10.470841867769476
819,2019-02-04,11,15.85653754474367
820,2019-02-05,22,13.138274247619426
821,2019-02-06,21,19.372570972054103
822,2019-02-07,15,18.4146355312155
823,2019-02-14,7,14.916033448353794
824,2019-02-15,29,10.541398680923145
825,2019-02-16,11,19.127854627526457
826,2019-02-17,8,10.470841867769476
827,2019-02-18,24,15.273437197600051
828,2019-02-19,22,20.71857876048645
829,2019-02-20,17,19.372570972054103
830,2019-02-21,19,16.082234142641028
831,2019-02-22,20,17.538602846646555
832,2019-02-23,12,13.879951503233897
833,2019-02-24,13,11.053942214913095
834,2019-02-25,13,18.188938933318138
835,2019-02-26,17,14.304474941906662
836,2019-02-27,15,16.457069236336014
837,2019-02-28,13,14.916033448353794
838,2019-03-01,16,15.986749178739327
839,2019-03-02,10,13.494298529613904
840,2019-03-03,7,11.834489935580335
841,2019-03-04,22,16.63708526541091
842,2019-03-05,22,21.499126481153695
843,2019-03-06,18,21.319319387008576
844,2019-03-07,26,18.612082904739122
845,2019-03-08,13,23.567053691606354
846,2019-03-09,22,11.744997488183051
847,2019-03-10,22,18.831694101303746
848,2019-03-11,26,25.383590472565174
849,2019-03-12,28,23.831527869728163
850,2019-03-13,32,24.81792146987028
851,2019-03-14,27,26.775487764749766
852,2019-03-15,14,24.15015403874997
853,2019-03-16,11,12.328097835326668
854,2019-03-17,9,12.417590282723953
855,2019-03-18,10,17.803285959698144
856,2019-03-19,26,14.501922315430285
857,2019-03-20,23,23.651720775583048
858,2019-03-21,11,21.527584640457206
859,2019-03-22,16,14.820548484452091
860,2019-03-23,16,13.494298529613904
861,2019-03-24,13,15.33309201844204
862,2019-03-25,9,20.135687348272615
863,2019-03-26,19,13.918821968286668
864,2019-03-27,11,19.570018345577726
865,2019-03-28,21,14.5303804747338
866,2019-03-29,21,20.651551955888266
867,2019-03-30,16,16.40980026533199
868,2019-03-31,6,15.33309201844204
869,2019-04-01,22,16.40907536010395
870,2019-04-02,16,21.854216922990354
871,2019-04-03,21,18.175807745983533
872,2019-04-04,16,20.71647438800663
873,2019-04-05,20,18.091140662006836
874,2019-04-06,8,16.181790360025033
875,2019-04-07,13,11.023379683129757
876,2019-04-08,28,20.490777790109274
877,2019-04-09,16,25.352819005852055
878,2019-04-10,23,18.175807745983533
879,2019-04-11,12,21.882675082293865
880,2019-04-12,15,15.758739273432369
881,2019-04-13,10,13.266288624306945
882,2019-04-14,10,12.189580377416993
883,2019-04-15,16,18.741476748678423
884,2019-04-16,13,18.35561484012865
885,2019-04-17,16,16.42650670455268
886,2019-04-18,7,17.800972652288543
887,2019-04-19,2,12.84323753771428
888,2019-04-20,8,5.685984111439917
889,2019-04-21,8,11.023379683129757
890,2019-04-22,15,17.575276054391185
891,2019-04-23,29,17.77251449298503
892,2019-04-24,22,25.75611225885056
893,2019-04-25,15,21.29957473515025
894,2019-04-26,19,17.50804031486322
895,2019-04-27,6,15.598690012881415
896,2019-04-28,8,9.857178988842524
897,2019-04-29,8,17.575276054391185
898,2019-04-30,12,13.690812062979708
899,2019-05-01,16,12.774850556669199
900,2019-05-02,13,14.732416851548681
901,2019-05-03,8,13.273283819836122
902,2019-05-04,14,6.116030393561758
903,2019-05-05,7,11.453425965251599
904,2019-05-06,14,13.923619906507705
905,2019-05-07,15,14.12085834510155
906,2019-05-08,14,14.524151598100051
907,2019-05-09,12,13.566216157261445
908,2019-05-10,13,12.690183472692505
909,2019-05-11,13,9.031532129279846
910,2019-05-12,11,10.870325618107982
911,2019-05-13,21,16.256021295082178
912,2019-05-14,16,18.20256077510687
913,2019-05-15,17,15.107251945243668
914,2019-05-16,17,15.315517198692298
915,2019-05-17,20,15.60568520841059
916,2019-05-18,15,13.113234559285168
917,2019-05-19,16,12.036526312395218
918,2019-05-20,16,19.171523030800262
919,2019-05-21,14,15.287059039388785
920,2019-05-22,21,13.941051250956432
921,2019-05-23,13,17.64791858726677
922,2019-05-24,16,13.273283819836122
923,2019-05-25,6,10.780833170710698
924,2019-05-26,10,6.78862318810266
925,2019-05-27,10,15.672920947938557
926,2019-05-28,24,11.78845695652708
927,2019-05-29,11,19.772054722392607
928,2019-05-30,12,11.816915115830595
929,2019-05-31,15,12.690183472692505
930,2019-06-01,11,9.776776634506907
931,2019-06-02,9,9.283168734760572
932,2019-06-03,17,14.668864411734766
933,2019-06-04,20,15.449203197472228
934,2019-06-05,18,17.018697144757965
935,2019-06-06,20,15.477661356775743
936,2019-06-07,12,16.934030060781268
937,2019-06-08,7,8.027475593076055
938,2019-06-09,17,6.950767346186103
939,2019-06-10,18,19.33366718888371
940,2019-06-11,18,16.032303544615846
941,2019-06-12,10,15.85249645047073
942,2019-06-13,18,10.812858579626802
943,2019-06-14,15,15.767829366494036
944,2019-06-15,14,9.776776634506907
945,2019-06-16,12,11.032469776191425
946,2019-06-17,17,16.41816545316562
947,2019-06-18,13,15.449203197472228
948,2019-06-19,17,12.936994714752641
949,2019-06-20,19,14.894561009632124
950,2019-06-21,17,16.350929713637655
951,2019-06-22,17,10.942977328794141
952,2019-06-23,5,12.781770817622277
953,2019-06-24,17,12.336463023160297
954,2019-06-25,16,15.449203197472228
955,2019-06-26,9,14.686295756183494
956,2019-06-27,15,10.229758232483185
957,2019-06-28,21,14.018528325063182
958,2019-06-29,10,13.275378717368612
959,2019-06-30,5,8.700068387616955
960,2019-07-01,12,11.989883946103154
961,2019-07-02,12,12.187122384696998
962,2019-07-03,15,12.007315290551881
963,2019-07-04,10,13.381781238287747
964,2019-07-05,17,10.75644751228795
965,2019-07-06,13,10.596398251736998
966,2019-07-07,8,10.102790351990665
967,2019-07-08,22,13.739184987534005
968,2019-07-09,21,18.018125856133175
969,2019-07-10,15,17.25521841484444
970,2019-07-11,10,13.381781238287747
971,2019-07-12,21,10.75644751228795
972,2019-07-13,9,12.92879964031147
973,2019-07-14,9,7.770388963416195
974,2019-07-15,10,14.322285334677623
975,2019-07-16,19,11.020921690409763
976,2019-07-17,11,16.0890177205572
977,2019-07-18,15,11.049379849713278
978,2019-07-19,21,13.671949248006039
979,2019-07-20,12,12.92879964031147
980,2019-07-21,16,9.519690004847048
981,2019-07-22,17,18.403987764682945
982,2019-07-23,11,15.102624120415085
983,2019-07-24,11,11.424214943408264
984,2019-07-25,12,11.049379849713278
985,2019-07-26,14,11.922648206575188
986,2019-07-27,14,8.847097210306146
987,2019-07-28,17,10.685890699134282
988,2019-07-29,18,18.987088111826566
989,2019-07-30,13,15.685724467558703
990,2019-07-31,11,12.590415637695498
991,2019-08-01,15,11.689679598224169
992,2019-08-02,17,14.31224899651693
993,2019-08-03,10,11.23669800024789
994,2019-08-04,7,8.993789059070703
995,2019-08-05,18,13.796384388901279
996,2019-08-06,10,16.326024216069595
997,2019-08-07,13,11.481414344775537
998,2019-08-08,19,12.855880292511403
999,2019-08-09,16,16.644650385091403
1000,2019-08-10,12,10.653597653104272
1001,2019-08-11,7,10.159989753357939
1002,2019-08-12,18,13.796384388901279
1003,2019-08-13,9,16.326024216069595
1004,2019-08-14,21,10.89831399763192
1005,2019-08-15,12,17.520683069660343
1006,2019-08-16,19,12.562947955086079
1007,2019-08-17,8,12.402898694535125
1008,2019-08-18,12,7.827588364783468
1009,2019-08-19,20,16.71188612461937
1010,2019-08-20,21,17.49222491035683
1011,2019-08-21,14,17.89551816335533
1012,2019-08-22,20,13.43898063965502
1013,2019-08-23,10,17.227750732235016
1014,2019-08-24,9,7.1549955702425665
1015,2019-08-25,9,8.410688711927087
1016,2019-08-26,16,14.962585083188515
1017,2019-08-27,20,15.159823521782359
1018,2019-08-28,11,17.312417816211713
1019,2019-08-29,21,11.689679598224169
1020,2019-08-30,17,17.810851079378637
1021,2019-08-31,9,11.23669800024789
1022,2019-09-01,6,8.711353653719161
1023,2019-09-02,12,13.513948983549737
1024,2019-09-03,12,13.128087074999964
1025,2019-09-04,14,12.948279980854847
1026,2019-09-05,16,13.739645581447094
1027,2019-09-06,13,15.196014285452621
1028,2019-09-07,7,9.204961553465495
1029,2019-09-08,10,7.545152959431926
1030,2019-09-09,14,15.846350372124206
1031,2019-09-10,11,14.294287769287198
1032,2019-09-11,17,12.36517963371123
1033,2019-09-12,9,15.488946622877947
1034,2019-09-13,16,11.114311855447301
1035,2019-09-14,14,10.954262594896347
1036,2019-09-15,4,11.626855389437248
1037,2019-09-16,8,12.347748289262501
1038,2019-09-17,14,10.795685686425493
1039,2019-09-18,16,14.114480675142081
1040,2019-09-19,14,14.90584627573433
1041,2019-09-20,11,14.029813591165388
1042,2019-09-21,7,8.038760859178259
1043,2019-09-22,11,7.545152959431926
1044,2019-09-23,8,16.429450719267827
1045,2019-09-24,14,10.795685686425493
1046,2019-09-25,15,14.114480675142081
1047,2019-09-26,16,14.322745928590713
1048,2019-09-27,17,15.196014285452621
1049,2019-09-28,7,11.537362942039964
1050,2019-09-29,7,7.545152959431926
1051,2019-09-30,21,14.097049330693354
1052,2019-10-01,19,18.389462406249727
1053,2019-10-02,11,17.043454617817375
1054,2019-10-03,15,12.003816746973449
1055,2019-10-04,18,14.62638614526621
1056,2019-10-05,14,12.133935496140788
1057,2019-10-06,7,11.640327596394453
1058,2019-10-07,23,14.110521537650559
1059,2019-10-08,14,19.55566310053696
1060,2019-10-09,13,14.127952882099287
1061,2019-10-10,16,13.170017441260683
1062,2019-10-11,12,15.209486492409827
1063,2019-10-12,9,8.635333413279083
1064,2019-10-13,13,8.724825860676367
1065,2019-10-14,23,17.609123620512264
1066,2019-10-15,14,19.55566310053696
1067,2019-10-16,22,14.127952882099287
1068,2019-10-17,18,18.41792056555324
1069,2019-10-18,15,16.375687186697064
1070,2019-10-19,12,10.384634454709936
1071,2019-10-20,7,10.47412690210722
1072,2019-10-21,10,14.110521537650559
1073,2019-10-22,15,11.975358587669934
1074,2019-10-23,17,14.711053229242905
1075,2019-10-24,18,15.502418829835152
1076,2019-10-25,14,16.375687186697064
1077,2019-10-26,21,9.801534107566317
1078,2019-10-27,14,15.722030026399777
1079,2019-10-28,11,18.19222396765588
1080,2019-10-29,14,12.558458934813551
1081,2019-10-30,11,14.127952882099287
1082,2019-10-31,13,12.003816746973449
1083,2019-11-01,10,12.848378178413965
1084,2019-11-02,12,6.857325446426835
1085,2019-11-03,11,9.862319629542208
1086,2019-11-04,6,15.831115653660019
1087,2019-11-05,13,9.031149926530453
1088,2019-11-06,17,12.933045262390658
1089,2019-11-07,13,14.890611557270141
1090,2019-11-08,19,12.848378178413965
1091,2019-11-09,8,12.105228570719394
1092,2019-11-10,15,7.529918240967738
1093,2019-11-11,21,18.16351704223449
1094,2019-11-12,21,17.777655133684718
1095,2019-11-13,12,17.5978480395396
1096,2019-11-14,12,11.975109821552055
1097,2019-11-15,8,12.265277831270348
1098,2019-11-16,16,5.691124752139601
1099,2019-11-17,7,12.194721018116677
1100,2019-11-18,16,13.498714265085548
1101,2019-11-19,15,14.862153397966628
1102,2019-11-20,13,14.099245956677894
1103,2019-11-21,10,12.558210168695672
1104,2019-11-22,16,11.09907713698311
1105,2019-11-23,13,10.355927529288541
1106,2019-11-24,11,10.445419976685825
1107,2019-11-25,21,15.831115653660019
1108,2019-11-26,18,17.777655133684718
1109,2019-11-27,20,15.848546998108747
1110,2019-11-28,14,16.639912598700995
1111,2019-11-29,12,13.431478525557582
1112,2019-11-30,18,8.023526140714072
1113,2019-12-01,13,12.324105890070225
1114,2019-12-02,9,15.960500525613565
1115,2019-12-03,14,9.743635145627618
1116,2019-12-04,11,12.479329787200587
1117,2019-12-05,16,10.35519365207475
1118,2019-12-06,15,13.560863397511127
1119,2019-12-07,14,8.736011359811236
1120,2019-12-08,11,9.991704501495754
1121,2019-12-09,6,14.794299831326331
1122,2019-12-10,9,7.994334104196765
1123,2019-12-11,19,9.563828051482501
1124,2019-12-12,7,15.019996429223688
1125,2019-12-13,14,8.312960273218572
1126,2019-12-14,9,8.152911012667618
1127,2019-12-15,12,7.076202765777667
1128,2019-12-16,12,15.377400178469948
1129,2019-12-17,23,11.49293618705847
1130,2019-12-18,11,17.727232911493147
1131,2019-12-19,14,10.35519365207475
1132,2019-12-20,10,12.394662703223894
1133,2019-12-21,13,5.820509624093148
1134,2019-12-22,10,9.408604154352137
1135,2019-12-23,11,14.211199484182712
1136,2019-12-24,6,10.909835839914852
1137,2019-12-25,9,7.814527010051648
1138,2019-12-26,9,9.188992957787514
1139,2019-12-27,12,9.479160967505806
1140,2019-12-28,11,6.986710318380384
1141,2019-12-29,8,8.242403460064903
1142,2019-12-30,11,13.044998789895477
1143,2019-12-31,6,10.909835839914852
1144,2020-01-01,6,8.643417185212723
1145,2020-01-02,8,8.268582091517736
1146,2020-01-03,19,9.724950795523263
1147,2020-01-04,12,11.897302923546778
1148,2020-01-05,10,9.654393982369594
1149,2020-01-06,7,15.040089659343785
1150,2020-01-07,8,9.406324626501455
1151,2020-01-08,6,9.809617879499957
1152,2020-01-09,9,8.268582091517736
1153,2020-01-10,15,10.30805114266688
1154,2020-01-11,19,9.56490153497231
1155,2020-01-12,4,13.736096412374915
1156,2020-01-13,14,11.54148757648208
1157,2020-01-14,17,13.488027056506777
1158,2020-01-15,12,15.057521003792512
1159,2020-01-16,21,11.76718417437944
1160,2020-01-17,8,17.305255308390286
1161,2020-01-18,9,5.483199104966987
1162,2020-01-19,11,7.905092940938741
1163,2020-01-20,16,15.623190006487404
1164,2020-01-21,6,14.654227750794012
1165,2020-01-22,22,8.643417185212723
1166,2020-01-23,19,17.598187645815614
1167,2020-01-24,15,16.139054614103053
1168,2020-01-25,13,9.56490153497231
1169,2020-01-26,19,10.23749432951321
1170,2020-01-27,9,20.287992783636344
1171,2020-01-28,15,10.57252532078869
1172,2020-01-29,18,13.891320309505279
1173,2020-01-30,13,15.265786257241144
1174,2020-01-31,15,12.64045253124135
1175,2020-02-01,10,10.964449767515811
1176,2020-02-02,11,9.887741520625859
1177,2020-02-03,10,17.022738239030907
1178,2020-02-04,19,12.55517390047581
1179,2020-02-05,9,17.623269930623252
1180,2020-02-06,20,11.417431365492089
1181,2020-02-07,13,18.12170319379017
1182,2020-02-08,8,9.798249073228575
1183,2020-02-09,8,8.721540826338623
1184,2020-02-10,17,15.273437197600051
1185,2020-02-11,30,16.63687633048113
1186,2020-02-12,21,24.03737374920304
1187,2020-02-13,17,18.4146355312155
1188,2020-02-14,25,16.37240215235932
1189,2020-02-15,18,16.795453238951985
1190,2020-02-16,25,14.5525442977748
1191,2020-02-17,22,25.186143099041548
1192,2020-02-18,26,19.552378066199218
1193,2020-02-19,27,21.70497236062857
1194,2020-02-20,19,21.9132376140772
1195,2020-02-21,30,17.538602846646555
1196,2020-02-22,19,19.710954974670074
1197,2020-02-23,28,15.135644644918417
1198,2020-02-24,25,26.9354441404724
1199,2020-02-25,59,21.30167910763007
1200,2020-02-26,43,40.94728381636795
1201,2020-02-27,42,31.24284316837508
1202,2020-02-28,42,30.949910830949758
1203,2020-02-29,49,26.70815914039348
1204,2020-03-01,46,34.57540347418142
1205,2020-03-02,64,39.377998804011995
1206,2020-03-03,44,45.98934106118563
1207,2020-03-04,33,34.14752702416816
1208,2020-03-05,52,27.358588111893383
1209,2020-03-06,46,38.72766271734041
1210,2020-03-07,44,30.987308943922425
1211,2020-03-08,36,31.65990173846333
1212,2020-03-09,9,33.54699533257582
1213,2020-03-10,61,13.918821968286668
1214,2020-03-11,49,44.060232925609654
1215,2020-03-12,42,36.68819366619126
1216,2020-03-13,30,32.89665924590423
1217,2020-03-14,52,30.65202656957821
1218,2020-03-15,42,45.319027695565936
1219,2020-03-16,79,46.03992059539119
1220,2020-03-17,62,63.73016944829355
1221,2020-03-18,64,53.637656452706935
1222,2020-03-19,72,54.429022053299185
1223,2020-03-20,58,59.38399284016642
1224,2020-03-21,62,46.9788362895995
1225,2020-03-22,64,51.150031167002105
1226,2020-03-23,64,58.86812823255077
1227,2020-03-24,70,54.98366424113929
1228,2020-03-25,50,58.302459229855884
1229,2020-03-26,96,46.26561719328854
1230,2020-03-27,72,73.37840117161323
1231,2020-03-28,34,55.14224114961014
1232,2020-03-29,24,34.82322144698082
1233,2020-03-30,68,35.544114346806076
1234,2020-03-31,66,57.31606562971376
1235,2020-04-01,62,56.325148283118075
1236,2020-04-02,62,53.61791180084861
1237,2020-04-03,54,53.9080798105669
1238,2020-04-04,40,45.00152534286169
1239,2020-04-05,56,38.676913971679184
1240,2020-04-06,74,54.55841589723849
1241,2020-04-07,56,61.16975815441212
1242,2020-04-08,50,50.4941448116819
1243,2020-04-09,70,46.6207076351252
1244,2020-04-10,102,58.572882587715846
1245,2020-04-11,84,72.99034200575534
1246,2020-04-12,98,64.33332924599836
1247,2020-04-13,90,79.04863047727042
1248,2020-04-14,54,70.49936370871
1249,2020-04-15,70,49.32794411739466
1250,2020-04-16,64,58.28271457799755
1251,2020-04-17,68,55.07428050485414
1252,2020-04-18,66,53.164930202872334
1253,2020-04-19,98,53.83752299741324
1254,2020-04-20,70,79.04863047727042
1255,2020-04-21,76,58.837356765837654
1256,2020-04-22,80,62.15615175455424
1257,2020-04-23,60,64.11371804943373
1258,2020-04-24,68,52.74187911627967
1259,2020-04-25,102,53.164930202872334
1260,2020-04-26,90,74.82913549458345
1261,2020-04-27,78,74.38382770012149
1262,2020-04-28,88,63.5021595429866
1263,2020-04-29,60,69.15335592027765
1264,2020-04-30,54,52.451711106561376
1265,2020-05-01,43,46.1747212326781
1266,2020-05-02,34,35.51886572354203
1267,2020-05-03,45,32.10975608807761
1268,2020-05-04,41,45.075756277918835
1269,2020-05-05,44,38.85889089793288
1270,2020-05-06,41,40.428384845218616
1271,2020-05-07,49,38.30424871009278
1272,2020-05-08,38,43.259219496960014
1273,2020-05-09,41,32.60336398782394
1274,2020-05-10,21,36.19145851808293
1275,2020-05-11,53,31.08134794647201
1276,2020-05-12,45,45.85609506365629
1277,2020-05-13,42,41.011485192362244
1278,2020-05-14,33,38.8873490572364
1279,2020-05-15,32,33.92961394266214
1280,2020-05-16,33,29.10476190496224
1281,2020-05-17,29,31.526655740933993
1282,2020-05-18,37,35.74615072362096
1283,2020-05-19,34,36.52648950935841
1284,2020-05-20,23,34.59738137378245
1285,2020-05-21,32,27.808442461507667
1286,2020-05-22,37,33.346513595518516
1287,2020-05-23,21,32.02026364068033
1288,2020-05-24,35,24.529451575210583
1289,2020-05-25,53,39.24475280648265
1290,2020-05-26,40,45.85609506365629
1291,2020-05-27,34,38.09598345664415
1292,2020-05-28,45,34.22254628008746
1293,2020-05-29,26,40.92681810838555
1294,2020-05-30,26,25.606159822100533
1295,2020-05-31,24,27.44495331092867
1296,2020-06-01,38,32.40969279884269
1297,2020-06-02,42,36.68863366744186
1298,2020-06-03,31,38.84122796187122
1299,2020-06-04,39,32.05228904959643
1300,2020-06-05,40,37.00725983646367
1301,2020-06-06,35,33.34860849305101
1302,2020-06-07,41,32.27190024616105
1303,2020-06-08,49,42.32239870028419
1304,2020-06-09,35,43.10273748602165
1305,2020-06-10,55,34.75952553186589
1306,2020-06-11,37,46.04669738104325
1307,2020-06-12,35,35.841059142176434
1308,2020-06-13,33,30.433106757332915
1309,2020-06-14,27,31.10569955187382
1310,2020-06-15,39,34.158993840273546
1311,2020-06-16,37,37.271734014585476
1312,2020-06-17,50,35.925726226153124
1313,2020-06-18,47,43.131195645325164
1314,2020-06-19,49,41.67206261361261
1315,2020-06-20,41,38.596511617343566
1316,2020-06-21,19,35.77050232902276
1317,2020-06-22,56,29.494191063124603
1318,2020-06-23,37,47.184439916026975
1319,2020-06-24,34,35.925726226153124
1320,2020-06-25,30,33.801590091027286
1321,2020-06-26,41,31.759356712171112
1322,2020-06-27,20,33.931708840194624
1323,2020-06-28,29,23.525395039006796
1324,2020-06-29,44,35.32519453456079
1325,2020-06-30,39,40.187235750303564
1326,2020-07-01,31,36.74534784338322
1327,2020-07-02,54,31.70570997253929
1328,2020-07-03,35,45.40718596656079
1329,2020-07-04,46,30.086527680275772
1330,2020-07-05,29,38.33942498768371
1331,2020-07-06,30,34.97861545750364
1332,2020-07-07,36,31.677251813235777
1333,2020-07-08,40,34.99604680195237
1334,2020-07-09,35,36.95361309683185
1335,2020-07-10,40,34.32827937083205
1336,2020-07-11,27,33.00202941599387
1337,2020-07-12,39,27.260518391954975
1338,2020-07-13,39,40.80961892893981
1339,2020-07-14,47,36.92515493752833
1340,2020-07-15,33,41.41015062053216
1341,2020-07-16,33,32.87191066682652
1342,2020-07-17,35,33.162078676544816
1343,2020-07-18,32,30.086527680275772
1344,2020-07-19,35,30.176020127673063
1345,2020-07-20,26,38.47721754036534
1346,2020-07-21,33,29.344850424661303
1347,2020-07-22,36,33.24674576052151
1348,2020-07-23,30,34.621211708257384
1349,2020-07-24,33,31.41277763511397
1350,2020-07-25,32,28.920326985988538
1351,2020-07-26,34,30.176020127673063
1352,2020-07-27,19,37.894117193221724
1353,2020-07-28,24,25.26314799465598
1354,2020-07-29,21,27.998842636228957
1355,2020-07-30,25,25.874706501103113
1356,2020-07-31,24,28.49727589939588
1357,2020-08-01,28,24.312723610206874
1358,2020-08-02,28,28.48391848760948
1359,2020-08-03,35,35.03581485887091
1360,2020-08-04,33,35.23305329746476
1361,2020-08-05,34,33.887045509032404
1362,2020-08-06,33,34.095310762481034
1363,2020-08-07,38,33.80237842505571
1364,2020-08-08,28,32.47612847021752
1365,2020-08-09,26,28.48391848760948
1366,2020-08-10,27,33.86961416458367
1367,2020-08-11,30,30.56825052031581
1368,2020-08-12,35,32.13774446760155
1369,2020-08-13,34,34.67841110962465
1370,2020-08-14,30,34.38547877219933
1371,2020-08-15,36,27.81132569306858
1372,2020-08-16,41,33.14872126475842
1373,2020-08-17,31,42.61611937173794
1374,2020-08-18,35,32.90065190889028
1375,2020-08-19,26,35.05324620331964
1376,2020-08-20,26,29.430507985332092
1377,2020-08-21,27,29.720675995050385
1378,2020-08-22,27,26.062024651637724
1379,2020-08-23,21,27.900818140465862
1380,2020-08-24,43,30.954112428865585
1381,2020-08-25,40,39.89785607461369
1382,2020-08-26,32,37.968747939037726
1383,2020-08-27,22,32.92911006819379
1384,2020-08-28,49,27.388274606475914
1385,2020-08-29,37,38.890232288797314
1386,2020-08-30,32,33.731821611902035
1387,2020-08-31,43,37.36821624744538
1388,2020-09-01,62,40.19852101640576
1389,2020-09-02,41,51.09762051798938
1390,2020-09-03,47,38.47767813427843
1391,2020-09-04,44,42.26644822685843
1392,2020-09-05,28,36.2753954948713
1393,2020-09-06,17,28.784583429401557
1394,2020-09-07,62,28.922375982083196
1395,2020-09-08,35,51.277427612134495
1396,2020-09-09,44,35.35391114511171
1397,2020-09-10,29,40.22697917570928
1398,2020-09-11,47,31.770641978273318
1399,2020-09-12,28,38.02469653630215
1400,2020-09-13,30,28.784583429401557
1401,2020-09-14,55,36.50268049495022
1402,2020-09-15,29,47.19572518212917
1403,2020-09-16,31,31.855309062250008
1404,2020-09-17,40,32.64667466284226
1405,2020-09-18,30,38.18474579685311
1406,2020-09-19,32,28.111990634860653
1407,2020-09-20,28,31.116984817976025
1408,2020-09-21,36,35.336479800662985
1409,2020-09-22,52,36.11681858640045
1410,2020-09-23,40,45.266617046553215
1411,2020-09-24,33,37.894577787134814
1412,2020-09-25,45,34.103043366847785
1413,2020-09-26,25,36.85849584201492
1414,2020-09-27,20,27.035282387970703
1415,2020-09-28,37,30.671677023514043
1416,2020-09-29,55,36.69991893354406
1417,2020-09-30,41,47.015918087984055
1418,2020-10-01,42,38.49115034123563
1419,2020-10-02,42,39.364418698097545
1420,2020-10-03,35,35.12266700754127
1421,2020-10-04,24,32.87975806636408
1422,2020-10-05,53,33.01755061904572
1423,2020-10-06,33,46.04299669479914
1424,2020-10-07,42,34.20118265778168
1425,2020-10-08,44,39.07425068837925
1426,2020-10-09,35,40.53061939238478
1427,2020-10-10,24,31.040964577535945
1428,2020-10-11,29,26.465654247784293
1429,2020-10-12,38,35.93305235476381
1430,2020-10-13,42,37.296491487644886
1431,2020-10-14,35,39.44908578207424
1432,2020-10-15,49,34.99254825837393
1433,2020-10-16,40,43.44612112810287
1434,2020-10-17,28,33.95646631325403
1435,2020-10-18,37,28.79805563635876
1436,2020-10-19,41,40.597855131912745
1437,2020-10-20,27,39.04579252907573
1438,2020-10-21,34,30.702580574919978
1439,2020-10-22,35,34.40944791123031
1440,2020-10-23,31,35.28271626809222
1441,2020-10-24,20,28.708563188961477
1442,2020-10-25,26,24.133252859209822
1443,2020-10-26,46,34.183751313332955
1444,2020-10-27,36,41.96129426479382
1445,2020-10-28,45,35.95048369921253
1446,2020-10-29,33,40.823551729810106
1447,2020-10-30,37,34.11651557380499
1448,2020-10-31,19,32.207165271823186
1449,2020-11-01,28,22.938345239501192
1450,2020-11-02,22,34.73814473505518
1451,2020-11-03,38,27.35507866078199
1452,2020-11-04,36,36.50487712093476
1453,2020-11-05,30,34.96384133295254
1454,2020-11-06,46,31.755407259809125
1455,2020-11-07,22,36.843261123550725
1456,2020-11-08,17,24.687646280932043
1457,2020-11-09,39,28.324040916475386
1458,2020-11-10,38,37.26778456222349
1459,2020-11-11,35,36.50487712093476
1460,2020-11-12,34,34.38074098580892
1461,2020-11-13,38,34.08780864838359
1462,2020-11-14,36,32.17845834640178
1463,2020-11-15,26,32.85105114094269
1464,2020-11-16,36,33.571944040767946
1465,2020-11-17,34,35.51848352079264
1466,2020-11-18,41,34.17247573236029
1467,2020-11-19,39,37.87934306867062
1468,2020-11-20,37,37.00331038410168
1469,2020-11-21,20,31.59535799925817
1470,2020-11-22,15,23.52144558664481
1471,2020-11-23,27,27.15784022218815
1472,2020-11-24,40,30.27058039650008
1473,2020-11-25,42,37.67107781522199
1474,2020-11-26,34,38.46244341581424
1475,2020-11-27,23,34.08780864838359
1476,2020-11-28,31,23.431953139247526
1477,2020-11-29,29,29.935549405224602
1478,2020-11-30,42,35.3212450821988
1479,2020-12-01,39,37.98026978132066
1480,2020-12-02,42,36.05116164574469
1481,2020-12-03,39,37.425627593480556
1482,2020-12-04,41,35.966494561767995
1483,2020-12-05,23,32.89094356549895
1484,2020-12-06,17,24.233930805741977
1485,2020-12-07,38,27.2872250941417
1486,2020-12-08,29,35.64786839274619
1487,2020-12-09,36,30.220158174308516
1488,2020-12-10,22,33.927025510618854
1489,2020-12-11,28,26.053788660326497
1490,2020-12-12,15,25.310639052631924
1491,2020-12-13,19,19.569128028593035
1492,2020-12-14,38,28.453425788428934
1493,2020-12-15,42,35.64786839274619
1494,2020-12-16,31,37.800462687175546
1495,2020-12-17,29,31.011523774900763
1496,2020-12-18,23,30.135491090331822
1497,2020-12-19,19,22.39513731691384
1498,2020-12-20,28,21.901529417167506
1499,2020-12-21,39,33.70132891272149
1500,2020-12-22,19,36.2309687398898
1501,2020-12-23,32,24.38915470287234
1502,2020-12-24,13,31.59462412204438
1503,2020-12-25,17,20.80588553603394
1504,2020-12-26,22,18.896535234052134
1505,2020-12-27,17,23.650830458598357
1506,2020-12-28,24,27.2872250941417
1507,2020-12-29,26,27.484463532735543
1508,2020-12-30,37,28.47085713287766
1509,2020-12-31,14,34.51012585776247
1510,2021-01-01,15,22.217876058338632
1511,2021-01-02,21,18.55922471492597
1512,2021-01-03,25,23.896620286615814
1513,2021-01-04,34,32.78091804645172
1514,2021-01-05,17,34.144357179332786
1515,2021-01-06,26,24.05184418374618
1516,2021-01-07,28,28.92491221434375
1517,2021-01-08,37,30.381280918349276
1518,2021-01-09,26,31.387432352085558
1519,2021-01-10,27,26.812122022333902
1520,2021-01-11,31,33.947118740738944
1521,2021-01-12,31,32.39505613790194
1522,2021-01-13,38,32.21524904375683
1523,2021-01-14,26,35.92211638006716
1524,2021-01-15,26,29.215080224062042
1525,2021-01-16,18,24.973328533505764
1526,2021-01-17,29,22.147319245184963
1527,2021-01-18,35,35.113319435026185
1528,2021-01-19,29,34.72745752647641
1529,2021-01-20,15,31.04904834946959
1530,2021-01-21,33,22.510808395763956
1531,2021-01-22,41,33.296782654067364
1532,2021-01-23,24,33.71983374066002
1533,2021-01-24,24,25.64592132804667
1534,2021-01-25,30,32.1978176993081
1535,2021-01-26,36,31.811955790758322
1536,2021-01-27,40,35.13075077947491
1537,2021-01-28,36,37.08831707435439
1538,2021-01-29,44,35.04608369549821
1539,2021-01-30,18,35.469134782090876
1540,2021-01-31,27,22.147319245184963
1541,2021-02-01,22,35.346666973282446
1542,2021-02-02,36,28.546701246152878
1543,2021-02-03,32,36.53029901201841
1544,2021-02-04,29,33.82306252974895
1545,2021-02-05,34,32.3639294980364
1546,2021-02-06,28,31.0376795431982
1547,2021-02-07,20,29.377870949164635
1548,2021-02-08,30,31.264964543277124
1549,2021-02-09,21,33.21150402330182
1550,2021-02-10,33,27.783793804864146
1551,2021-02-11,24,34.40616287689257
1552,2021-02-12,36,29.448427762318307
1553,2021-02-13,19,32.203880237485436
1554,2021-02-14,3,24.12996782487208
1555,2021-02-15,37,21.352258641835625
1556,2021-02-16,33,37.29320645330714
1557,2021-02-17,28,34.780997970587556
1558,2021-02-18,38,31.49066114117448
1559,2021-02-19,31,37.61183262232895
1560,2021-02-20,22,29.28837850176735
1561,2021-02-21,16,25.87926886630293
1562,2021-02-22,45,28.932563154702656
1563,2021-02-23,28,41.958009230456085
1564,2021-02-24,33,31.865496234869468
1565,2021-02-25,32,34.40616287689257
1566,2021-02-26,27,34.113230539467246
1567,2021-02-27,31,26.95597711319288
1568,2021-02-28,34,31.12717199059549
1569,2021-03-01,22,41.375117818242245
1570,2021-03-02,32,30.493449661107356
1571,2021-03-03,39,36.14464603839841
1572,2021-03-04,63,39.85151337470875
1573,2021-03-05,35,54.136089715873865
1574,2021-03-06,38,33.56752830529629
1575,2021-03-07,42,37.155622835555285
1576,2021-03-08,37,46.03992059539119
1577,2021-03-09,33,39.23995486826162
1578,2021-03-10,42,36.727746385542034
1579,2021-03-11,34,41.600814416139606
1580,2021-03-12,52,37.22617964870896
1581,2021-03-13,27,43.4802342067378
1582,2021-03-14,48,30.741519016975495
1583,2021-03-15,43,49.53852267825289
1584,2021-03-16,40,42.73855695112332
1585,2021-03-17,47,40.809448815547356
1586,2021-03-18,32,44.516316151857694
1587,2021-03-19,39,36.05997895442172
1588,2021-03-20,28,35.89992969387077
1589,2021-03-21,18,31.324619364119112
1590,2021-03-22,27,32.04551226394437
1591,2021-03-23,41,33.408951396825444
1592,2021-03-24,35,41.39254916269097
1593,2021-03-25,44,37.519111986134284
1594,2021-03-26,41,43.05718312014513
1595,2021-03-27,13,37.066130388158
1596,2021-03-28,15,22.57811415696485
1597,2021-03-29,35,30.296211222513513
1598,2021-03-30,33,38.073754173974386
1599,2021-03-31,33,36.727746385542034
1600,2021-04-01,28,36.70800173368371
1601,2021-04-02,17,34.082668007683914
1602,2021-04-03,23,23.426812498547843
1603,2021-04-04,21,28.764208070237686
1604,2021-04-05,36,34.14990374721187
1605,2021-04-06,44,39.011944962954665
1606,2021-04-07,37,43.49694064595848
1607,2021-04-08,31,39.040403122258176
1608,2021-04-09,42,35.83196904911477
1609,2021-04-10,27,38.00432117713828
1610,2021-04-11,24,31.096609458812154
1611,2021-04-12,44,35.89920478864273
1612,2021-04-13,32,43.6767477401036
1613,2021-04-14,41,36.49973648023508
1614,2021-04-15,41,41.372804510832644
1615,2021-04-16,30,41.66297252055094
1616,2021-04-17,28,31.00711701141487
1617,2021-04-18,21,31.67970980595577
1618,2021-04-19,35,34.14990374721187
1619,2021-04-20,38,38.428844615811045
1620,2021-04-21,38,39.99833856309678
1621,2021-04-22,24,39.6235034694018
1622,2021-04-23,42,31.750266619109443
1623,2021-04-24,31,38.00432117713828
1624,2021-04-25,29,33.42901084738662
1625,2021-04-26,42,38.81470652436082
1626,2021-04-27,35,42.51054704581637
1627,2021-04-28,38,38.249037521665926
1628,2021-04-29,37,39.6235034694018
1629,2021-04-30,40,39.33057113197647
1630,2021-05-01,17,33.76956468211118
1631,2021-05-02,1,22.197050186636115
1632,2021-05-03,37,19.419341003599662
1633,2021-05-04,30,36.52648950935841
1634,2021-05-05,22,32.26497998520797
1635,2021-05-06,29,27.225342114364047
1636,2021-05-07,36,31.597212554087665
1637,2021-05-08,43,31.43716329353671
1638,2021-05-09,25,37.357659212370166
1639,2021-05-10,32,33.41374933504648
1640,2021-05-11,42,33.610987773640325
1641,2021-05-12,31,39.26218415093139
1642,2021-05-13,36,32.4732452386566
1643,2021-05-14,42,35.678914984092984
1644,2021-05-15,20,34.935765376398415
1645,2021-05-16,30,23.946351228066966
1646,2021-05-17,26,36.32925107076457
1647,2021-05-18,54,30.11238569077862
1648,2021-05-19,34,46.25938831665479
1649,2021-05-20,25,34.22254628008746
1650,2021-05-21,29,29.264811165513194
1651,2021-05-22,22,27.355460863531388
1652,2021-05-23,23,25.1125519223542
1653,2021-05-24,30,32.24754864075925
1654,2021-05-25,23,32.44478707935309
1655,2021-05-26,32,28.183277555202654
1656,2021-05-27,32,33.05634558580022
1657,2021-05-28,46,33.346513595518516
1658,2021-05-29,25,37.26816676497288
1659,2021-05-30,28,26.861852963785054
1660,2021-05-31,46,35.16305037647734
1661,2021-06-01,41,41.3534364445908
1662,2021-06-02,26,38.25812761472759
1663,2021-06-03,28,29.136787313878344
1664,2021-06-04,28,30.59315601788387
1665,2021-06-05,33,26.351404327327593
1666,2021-06-06,26,31.10569955187382
1667,2021-06-07,34,33.575893493129925
1668,2021-06-08,34,34.35623227886739
1669,2021-06-09,27,34.17642518472227
1670,2021-06-10,27,29.719887661021964
1671,2021-06-11,26,30.010055670740257
1672,2021-06-12,24,25.18520363304036
1673,2021-06-13,22,25.857796427581263
1674,2021-06-14,20,31.243492104555457
1675,2021-06-15,22,26.192827418856744
1676,2021-06-16,23,27.17922101899886
1677,2021-06-17,26,27.387486272447497
1678,2021-06-18,24,29.426955323596637
1679,2021-06-19,19,24.019002938753125
1680,2021-06-20,24,22.942294691863175
1681,2021-06-21,19,32.40969279884269
1682,2021-06-22,22,25.609727071713124
1683,2021-06-23,23,27.17922101899886
1684,2021-06-24,18,27.387486272447497
1685,2021-06-25,21,24.7621525464477
1686,2021-06-26,12,22.26970189732227
1687,2021-06-27,24,18.860592261857853
1688,2021-06-28,25,32.40969279884269
1689,2021-06-29,30,29.108329154574832
1690,2021-06-30,27,31.844023796147802
1691,2021-07-01,33,29.37330858396482
1692,2021-07-02,34,33.162078676544816
1693,2021-07-03,16,29.50342733313216
1694,2021-07-04,19,20.846414573375185
1695,2021-07-05,21,29.14761198606746
1696,2021-07-06,22,26.429348688943215
1697,2021-07-07,29,26.832641941941716
1698,2021-07-08,20,30.539509278252055
1699,2021-07-09,31,25.581774163677792
1700,2021-07-10,18,27.754126291701304
1701,2021-07-11,26,22.01261526766242
1702,2021-07-12,45,33.22931441607278
1703,2021-07-13,33,40.42375702039004
1704,2021-07-14,31,33.24674576052151
1705,2021-07-15,38,31.70570997253929
1706,2021-07-16,38,36.077580412262904
1707,2021-07-17,23,31.835828721706626
1708,2021-07-18,25,24.928117003380507
1709,2021-07-19,24,32.64621406892917
1710,2021-07-20,21,28.17864973037407
1711,2021-07-21,32,26.249541594798103
1712,2021-07-22,18,32.28881031968291
1713,2021-07-23,25,24.41557346939056
1714,2021-07-24,18,24.255524208839603
1715,2021-07-25,21,22.01261526766242
1716,2021-07-26,24,30.313812680354694
1717,2021-07-27,30,28.17864973037407
1718,2021-07-28,30,31.49744471909066
1719,2021-07-29,26,31.122609625395675
1720,2021-07-30,20,29.080376246539494
1721,2021-07-31,27,21.340022473121515
1722,2021-08-01,25,27.900818140465862
1723,2021-08-02,20,33.28651381744005
1724,2021-08-03,34,26.48654809031049
1725,2021-08-04,23,34.47014585617602
1726,2021-08-05,19,27.68120694390124
1727,2021-08-06,29,25.638973565045063
1728,2021-08-07,27,27.22822534592496
1729,2021-08-08,29,27.900818140465862
1730,2021-08-09,28,35.618915206014535
1731,2021-08-10,18,31.151350867459428
1732,2021-08-11,37,25.14054030187814
1733,2021-08-12,33,35.84461180391189
1734,2021-08-13,31,33.80237842505571
1735,2021-08-14,31,28.394426040212196
1736,2021-08-15,22,30.233219529040333
1737,2021-08-16,31,31.537212776009202
1738,2021-08-17,27,32.90065190889028
1739,2021-08-18,35,30.388443426170696
1740,2021-08-19,34,34.67841110962465
1741,2021-08-20,16,34.38547877219933
1742,2021-08-21,19,19.647920833057935
1743,2021-08-22,18,23.236015363316923
1744,2021-08-23,39,29.204811387434734
1745,2021-08-24,30,37.565454686039224
1746,2021-08-25,46,32.13774446760155
1747,2021-08-26,33,41.092514928204444
1748,2021-08-27,37,33.80237842505571
1749,2021-08-28,26,31.8930281230739
1750,2021-08-29,23,27.317717793322245
1751,2021-08-30,30,32.120313123152826
1752,2021-08-31,43,32.31755156174667
1753,2021-09-01,30,40.01871392226065
1754,2021-09-02,31,32.06357431569864
1755,2021-09-03,42,32.93684267256055
1756,2021-09-04,25,35.10919480058406
1757,2021-09-05,17,27.035282387970703
1758,2021-09-06,43,28.922375982083196
1759,2021-09-07,34,40.19852101640576
1760,2021-09-08,28,34.770810797968096
1761,2021-09-09,38,30.897373621411404
1762,2021-09-10,36,37.01854510256587
1763,2021-09-11,14,31.610592717722362
1764,2021-09-12,16,20.621178569390914
1765,2021-09-13,33,28.339275634939575
1766,2021-09-14,38,34.367517544969594
1767,2021-09-15,27,37.103212186542564
1768,2021-09-16,18,30.314273274267784
1769,2021-09-17,32,25.35653815969352
1770,2021-09-18,10,29.278191329147887
1771,2021-09-19,13,18.288777180816442
1772,2021-09-20,27,26.58997459350872
1773,2021-09-21,29,30.868915462107886
1774,2021-09-22,16,31.855309062250008
1775,2021-09-23,33,23.900169455687994
1776,2021-09-24,20,34.103043366847785
1777,2021-09-25,15,22.280987163424477
1778,2021-09-26,21,21.204278916534527
1779,2021-09-27,21,31.254777370657663
1780,2021-09-28,18,27.370313379246184
1781,2021-09-29,17,25.44120524367022
1782,2021-09-30,17,24.483269802831614
1783,2021-10-01,11,24.78691001950711
1784,2021-10-02,8,17.04655624608913
1785,2021-10-03,15,17.136048693486412
1786,2021-10-04,60,27.769647494753162
1787,2021-10-05,39,50.124699124804465
1788,2021-10-06,27,37.69978474064339
1789,2021-10-07,28,30.32774548122499
1790,2021-10-08,31,31.2010138380869
1791,2021-10-09,46,28.708563188961477
1792,2021-10-10,27,39.29386188494387
1793,2021-10-11,32,34.76685166047657
1794,2021-10-12,28,33.79788940478318
1795,2021-10-13,37,31.285680922063595
1796,2021-10-14,43,36.15874895266116
1797,2021-10-15,33,39.94751904524116
1798,2021-10-16,21,29.87476388324871
1799,2021-10-17,21,24.71635320635344
1800,2021-10-18,24,31.268249577614867
1801,2021-10-19,27,29.133086627634242
1802,2021-10-20,30,30.702580574919978
1803,2021-10-21,32,32.07704652265585
1804,2021-10-22,35,33.533415226661376
1805,2021-10-23,24,31.040964577535945
1806,2021-10-24,15,26.465654247784293
1807,2021-10-25,25,27.769647494753162
1808,2021-10-26,15,29.71618697477786
1809,2021-10-27,26,23.705376409196568
1810,2021-10-28,27,29.744645134081374
1811,2021-10-29,38,30.617913490943284
1812,2021-10-30,23,32.7902656189668
1813,2021-10-31,25,25.882553900640676
1814,2021-11-01,32,32.988843693624325
1815,2021-11-02,26,33.18608213221817
1816,2021-11-03,41,29.507672955211348
1817,2021-11-04,20,37.87934306867062
1818,2021-11-05,24,25.92440378837295
1819,2021-11-06,13,24.015053486391142
1820,2021-11-07,18,19.439743156639487
1821,2021-11-08,26,28.907141263619003
1822,2021-11-09,28,29.687480049356463
1823,2021-11-10,27,30.67387364949858
1824,2021-11-11,33,29.715938208659978
1825,2021-11-12,21,33.50470830123997
1826,2021-11-13,14,22.265752444960288
1827,2021-11-14,23,20.022843503783104
1828,2021-11-15,15,31.82264299933709
1829,2021-11-16,24,23.27337623077667
1830,2021-11-17,20,28.341472260924114
1831,2021-11-18,20,25.634235778654656
1832,2021-11-19,32,25.92440378837295
1833,2021-11-20,20,28.67985626354008
1834,2021-11-21,35,23.52144558664481
1835,2021-11-22,31,38.819847165060494
1836,2021-11-23,27,32.60298178507455
1837,2021-11-24,47,30.090773302354965
1838,2021-11-25,28,41.37794515153233
1839,2021-11-26,31,30.589206565521888
1840,2021-11-27,24,28.096755916396464
1841,2021-11-28,28,25.85384697521928
1842,2021-11-29,23,34.73814473505518
1843,2021-11-30,23,27.938179007925612
1844,2021-12-01,8,26.72155609144681
1845,2021-12-02,11,17.60021579059756
1846,2021-12-03,17,19.639684841746703
1847,2021-12-04,11,18.896535234052134
1848,2021-12-05,9,17.236726640018567
1849,2021-12-06,14,22.62242231699276
1850,2021-12-07,30,21.653460061299366
1851,2021-12-08,61,30.803258521452133
1852,2021-12-09,37,48.50453418920929
1853,2021-12-10,27,34.80029386748076
1854,2021-12-11,5,24.727538705488307
1855,2021-12-12,9,13.738124557156862
1856,2021-12-13,28,22.62242231699276
1857,2021-12-14,16,29.81686492131001
1858,2021-12-15,20,22.63985366144149
1859,2021-12-16,20,24.59741995632097
1860,2021-12-17,23,24.887587966039263
1861,2021-12-18,10,22.39513731691384
1862,2021-12-19,24,16.653626292874947
1863,2021-12-20,25,31.368927524147022
1864,2021-12-21,23,28.06756387987916
1865,2021-12-22,16,26.72155609144681
1866,2021-12-23,15,22.265018567746502
1867,2021-12-24,14,21.972086230321175
1868,2021-12-25,22,17.147234192621283
1869,2021-12-26,17,23.650830458598357
1870,2021-12-27,21,27.2872250941417
1871,2021-12-28,20,25.73516249130469
1872,2021-12-29,14,24.972255050015956
1873,2021-12-30,12,21.098817873459264
1874,2021-12-31,6,20.222785188890324
1875,2022-01-01,16,13.311321590633415
1876,2022-01-02,14,20.98111855089773
1877,2022-01-03,16,26.36681422787192
1878,2022-01-04,20,23.648550930747678
1879,2022-01-05,8,25.80114522517703
1880,2022-01-06,19,18.429105965758634
1881,2022-01-07,19,25.13337779405672
1882,2022-01-08,15,20.891626103500442
1883,2022-01-09,15,20.39801820375411
1884,2022-01-10,15,26.949914575015537
1885,2022-01-11,20,23.065450583604058
1886,2022-01-12,12,25.80114522517703
1887,2022-01-13,12,20.761507354333105
1888,2022-01-14,12,21.0516753640514
1889,2022-01-15,6,16.80992367349512
1890,2022-01-16,8,15.150115079461552
1891,2022-01-17,14,22.868212145010215
1892,2022-01-18,13,22.48235023646044
1893,2022-01-19,14,21.71944279517171
1894,2022-01-20,17,21.92770804862034
1895,2022-01-21,15,23.967177099769486
1896,2022-01-22,6,18.55922471492597
1897,2022-01-23,8,15.150115079461552
1898,2022-01-24,18,22.868212145010215
1899,2022-01-25,12,24.814751625034912
1900,2022-01-26,11,21.136342448028092
1901,2022-01-27,18,20.178407007189488
1902,2022-01-28,12,24.550277446913103
1903,2022-01-29,12,16.80992367349512
1904,2022-01-30,21,18.64871716232326
1905,2022-01-31,13,30.448516657877242
1906,2022-02-01,21,23.298798121860322
1907,2022-02-02,14,27.783793804864146
1908,2022-02-03,10,23.327256281163837
1909,2022-02-04,14,21.28502290230766
1910,2022-02-05,9,19.375672600325856
1911,2022-02-06,17,18.298964353435906
1912,2022-02-07,25,29.515663501846273
1913,2022-02-08,16,30.296002287583732
1914,2022-02-09,28,24.86829206914606
1915,2022-02-10,12,31.49066114117448
1916,2022-02-11,20,22.451223596594897
1917,2022-02-12,11,22.874274683187558
1918,2022-02-13,8,19.46516504772314
