,Fecha,llamadas,predicciones
0,2016-11-05,1.0,3.941823710708751
1,2016-11-06,6.0,3.4482158109624157
2,2016-11-07,13.0,12.915613917941922
3,2016-11-08,11.0,13.112852356535779
4,2016-11-09,11.0,11.766844568103428
5,2016-11-10,13.0,11.392009474408429
6,2016-11-11,11.0,12.848378178413967
7,2016-11-12,6.0,7.440425793570455
8,2016-11-13,7.0,6.363717546680503
9,2016-11-14,15.0,13.49871426508554
10,2016-11-15,19.0,14.279053050823014
11,2016-11-16,12.0,16.431647345252365
12,2016-11-17,6.0,11.975109821552046
13,2016-11-18,13.0,8.766675748408646
14,2016-11-19,10.0,8.606626487857689
15,2016-11-20,3.0,8.696118935254972
16,2016-11-21,2.0,11.16631287651107
17,2016-11-22,10.0,6.698748537955989
18,2016-11-23,11.0,11.183744220959811
19,2016-11-24,10.0,11.392009474408429
20,2016-11-25,18.0,11.099077136983116
21,2016-11-26,8.0,11.522128223575775
22,2016-11-27,5.0,7.529918240967737
23,2016-11-28,7.0,12.332513570798305
24,2016-11-29,8.0,9.614250273674076
25,2016-11-30,7.0,10.017543526672577
26,2016-12-01,14.0,8.022792263500271
27,2016-12-02,14.0,12.394662703223897
28,2016-12-03,5.0,8.15291101266762
29,2016-12-04,4.0,4.743801377203196
30,2016-12-05,17.0,10.712597401320998
31,2016-12-06,11.0,14.40843792277656
32,2016-12-07,16.0,10.73002874576974
33,2016-12-08,8.0,13.270695387792827
34,2016-12-09,9.0,8.896060620362192
35,2016-12-10,5.0,5.237409276949531
36,2016-12-11,5.0,4.743801377203196
37,2016-12-12,16.0,11.295697748464617
38,2016-12-13,12.0,13.825337575632943
39,2016-12-14,15.0,11.313129092913357
40,2016-12-15,18.0,12.68759504064921
41,2016-12-16,14.0,14.727064091798365
42,2016-12-18,5.0,9.991704501495754
43,2016-12-19,12.0,11.295697748464617
44,2016-12-20,6.0,11.492936187058474
45,2016-12-21,9.0,7.814527010051654
46,2016-12-22,11.0,9.188992957787505
47,2016-12-23,6.0,10.645361661793045
48,2016-12-24,3.0,3.4881082355186797
49,2016-12-25,4.0,3.577600682915962
50,2016-12-26,13.0,10.712597401320998
51,2016-12-27,12.0,12.07603653420209
52,2016-12-28,10.0,11.313129092913357
53,2016-12-29,11.0,9.772093304931124
54,2016-12-30,8.0,10.645361661793045
55,2017-01-01,1.0,7.321992593795123
56,2017-01-02,12.0,9.792186535051222
57,2017-01-03,12.0,12.321826362219548
58,2017-01-04,8.0,12.142019268074431
59,2017-01-05,14.0,9.434782785804963
60,2017-01-06,10.0,13.223552878384972
61,2017-01-07,5.0,6.6493997992542235
62,2017-01-08,1.0,5.5726915523642715
63,2017-01-09,16.0,9.792186535051222
64,2017-01-10,17.0,14.654227750794018
65,2017-01-11,10.0,15.05752100379252
66,2017-01-12,9.0,10.600983480092198
67,2017-01-13,10.0,10.308051142666883
68,2017-01-14,3.0,6.6493997992542235
69,2017-01-15,4.0,4.406490858077037
70,2017-01-16,12.0,11.541487576482073
71,2017-01-17,18.0,12.321826362219548
72,2017-01-18,19.0,15.640621350936136
73,2017-01-19,12.0,15.848886604384754
74,2017-01-20,11.0,12.057352184097736
75,2017-01-21,5.0,7.232500146397841
76,2017-01-22,5.0,5.5726915523642715
77,2017-01-23,13.0,12.124587923625691
78,2017-01-24,13.0,12.904926709363165
79,2017-01-25,11.0,12.725119615218048
80,2017-01-26,11.0,11.184083827235815
81,2017-01-27,10.0,11.474251836954119
82,2017-01-28,10.0,6.6493997992542235
83,2017-01-29,3.0,8.488193288082357
84,2017-01-30,14.0,10.958387229338456
85,2017-01-31,13.0,13.488027056506784
86,2017-02-01,14.0,14.124667847761543
87,2017-02-02,5.0,14.332933101210163
88,2017-02-03,14.0,9.37519798663591
89,2017-02-04,6.0,10.381349420372189
90,2017-02-05,3.0,7.555340132051384
91,2017-02-06,7.0,12.35793546188195
92,2017-02-07,19.0,10.805872859044957
93,2017-02-08,16.0,17.62326993062325
94,2017-02-09,10.0,15.499133795497396
95,2017-02-10,11.0,12.290699722353999
96,2017-02-11,6.0,8.632048378941338
97,2017-02-12,5.0,7.555340132051384
98,2017-02-13,13.0,13.524136156169188
99,2017-02-14,17.0,14.304474941906662
100,2017-02-15,14.0,16.457069236336014
101,2017-02-16,11.0,14.332933101210163
102,2017-02-17,13.0,12.873800069497616
103,2017-02-18,8.0,9.798249073228572
104,2017-02-19,6.0,8.721540826338618
105,2017-02-20,21.0,14.107236503312805
106,2017-02-21,18.0,18.9692777190556
107,2017-02-22,12.0,17.04016958347963
108,2017-02-23,13.0,13.166732406922929
109,2017-02-24,13.0,14.04000076378485
110,2017-02-25,2.0,9.798249073228572
111,2017-02-26,4.0,5.222938743476915
112,2017-02-27,13.0,12.941035809025568
113,2017-02-28,21.0,14.304474941906662
114,2017-03-01,12.0,20.736219039864963
115,2017-03-02,18.0,15.113480821877406
116,2017-03-03,11.0,18.90225091445741
117,2017-03-04,10.0,10.578796793895815
118,2017-03-05,13.0,11.834489935580333
119,2017-03-06,14.0,20.135687348272604
120,2017-03-07,16.0,16.83432370400476
121,2017-03-08,7.0,17.820717304146875
122,2017-03-09,12.0,12.19797908615932
123,2017-03-10,17.0,15.40364883159571
124,2017-03-11,9.0,14.077398876757519
125,2017-03-12,6.0,11.251389588436714
126,2017-03-13,13.0,16.053984918267282
127,2017-03-14,11.0,16.25122335686114
128,2017-03-15,6.0,14.905215568428789
129,2017-03-16,11.0,11.614878739015703
130,2017-03-17,7.0,14.820548484452093
131,2017-03-18,6.0,8.246395405321346
132,2017-03-19,8.0,9.502088547005862
133,2017-03-20,10.0,17.220185612554516
134,2017-03-21,13.0,14.501922315430287
135,2017-03-22,14.0,16.07141626271602
136,2017-03-23,11.0,16.279681516164644
137,2017-03-24,10.0,14.820548484452093
138,2017-03-25,7.0,9.995696446752198
139,2017-03-26,11.0,10.08518889414948
140,2017-03-27,20.0,18.96948665398537
141,2017-03-28,14.0,20.33292578686646
142,2017-03-29,7.0,16.65451660985964
143,2017-03-30,16.0,12.19797908615932
144,2017-03-31,13.0,17.736050220170178
145,2017-04-01,4.0,12.100087930019706
146,2017-04-02,3.0,8.690978294555284
147,2017-04-03,6.0,14.659774318673087
148,2017-04-04,13.0,12.524611368692476
149,2017-04-05,11.0,16.42650670455268
150,2017-04-06,6.0,14.885470916570446
151,2017-04-07,8.0,12.260137190570664
152,2017-04-08,7.0,9.18458619430162
153,2017-04-09,11.0,10.440279335986137
154,2017-04-10,6.0,19.324577095822026
155,2017-04-11,15.0,12.524611368692476
156,2017-04-12,18.0,17.592707398839917
157,2017-04-13,7.0,18.967173346575766
158,2017-04-14,5.0,12.84323753771428
159,2017-04-15,11.0,7.435285152870768
160,2017-04-16,4.0,12.772680724560606
161,2017-04-17,10.0,15.242874665816704
162,2017-04-18,13.0,14.857012757266943
163,2017-04-19,18.0,16.42650670455268
164,2017-04-20,14.0,18.967173346575766
165,2017-04-21,11.0,16.924939967719602
166,2017-04-22,13.0,10.933887235732472
167,2017-04-23,4.0,13.93888141884784
168,2017-04-24,16.0,15.242874665816704
169,2017-04-25,10.0,18.35561484012865
170,2017-04-26,11.0,14.677205663121828
171,2017-04-27,16.0,14.885470916570446
172,2017-04-28,14.0,18.091140662006836
173,2017-04-29,7.0,12.683188277163325
174,2017-04-30,11.0,10.440279335986137
175,2017-05-01,13.0,16.256021295082164
176,2017-05-02,15.0,13.537757997957934
177,2017-05-03,13.0,14.524151598100055
178,2017-05-04,16.0,12.983115810117818
179,2017-05-05,13.0,15.022584861266974
180,2017-05-06,8.0,9.031532129279844
181,2017-05-07,4.0,7.954823882389892
182,2017-05-08,11.0,12.174318865076842
183,2017-05-09,9.0,12.3715573036707
184,2017-05-10,14.0,11.025549515238348
185,2017-05-11,8.0,13.566216157261437
186,2017-05-12,10.0,10.357782084118035
187,2017-05-13,10.0,7.282231087848992
188,2017-05-14,18.0,9.121024576677126
189,2017-05-15,12.0,20.337723725087486
190,2017-05-16,11.0,12.954657650814317
191,2017-05-17,18.0,12.191750209525583
192,2017-05-18,11.0,15.898617545835904
193,2017-05-19,15.0,12.107083125548888
194,2017-05-20,10.0,10.19773282356708
195,2017-05-21,6.0,9.121024576677126
196,2017-05-22,10.0,13.340519559364077
197,2017-05-23,8.0,11.788456956527082
198,2017-05-24,3.0,10.442449168094731
199,2017-05-25,12.0,7.152112338681645
200,2017-05-26,13.0,12.690183472692505
201,2017-05-27,10.0,9.031532129279844
202,2017-05-28,14.0,9.121024576677126
203,2017-05-29,22.0,18.005322336513018
204,2017-05-30,11.0,18.78566112225049
205,2017-05-31,20.0,12.191750209525583
206,2017-06-01,10.0,16.643862051062968
207,2017-06-02,14.0,11.103026589345099
208,2017-06-03,8.0,9.19367628736329
209,2017-06-04,5.0,7.53386769332972
210,2017-06-05,14.0,12.336463023160288
211,2017-06-06,15.0,13.69990215604138
212,2017-06-07,18.0,14.103195409039882
213,2017-06-08,15.0,15.477661356775732
214,2017-06-09,15.0,14.018528325063185
215,2017-06-10,10.0,9.776776634506907
216,2017-06-11,10.0,8.700068387616955
217,2017-06-12,17.0,15.251964758878374
218,2017-06-13,11.0,15.449203197472231
219,2017-06-14,14.0,11.770794020465411
220,2017-06-15,14.0,13.145259968201264
221,2017-06-16,16.0,13.435427977919568
222,2017-06-17,10.0,10.359876981650524
223,2017-06-18,5.0,8.700068387616955
224,2017-06-19,16.0,12.336463023160288
225,2017-06-20,12.0,14.866102850328614
226,2017-06-21,12.0,12.353894367609028
227,2017-06-22,15.0,11.979059273914029
228,2017-06-23,12.0,14.018528325063185
229,2017-06-24,5.0,8.027475593076055
230,2017-06-25,12.0,5.784566651898867
231,2017-06-26,15.0,16.418165453165606
232,2017-06-27,8.0,14.283002503184997
233,2017-06-28,9.0,10.021492979034559
234,2017-06-29,14.0,10.229758232483176
235,2017-06-30,5.0,13.435427977919568
236,2017-07-01,9.0,3.599194086013589
237,2017-07-02,4.0,7.770388963416192
238,2017-07-03,14.0,11.406783598959525
239,2017-07-04,18.0,13.353323078984236
240,2017-07-05,14.0,15.505917373413588
241,2017-07-06,15.0,12.79868089114412
242,2017-07-07,12.0,13.67194924800604
243,2017-07-08,10.0,7.68089651601891
244,2017-07-09,10.0,8.353489310559809
245,2017-07-10,6.0,14.90538568182123
246,2017-07-11,8.0,8.688520301835297
247,2017-07-12,12.0,9.674913901977416
248,2017-07-13,16.0,11.632480196856884
249,2017-07-14,11.0,14.255049595149657
250,2017-07-15,12.0,7.097796168875293
251,2017-07-16,6.0,9.519690004847044
252,2017-07-17,10.0,12.57298429324676
253,2017-07-18,12.0,11.020921690409764
254,2017-07-19,9.0,12.007315290551883
255,2017-07-20,5.0,9.883179155426031
256,2017-07-21,7.0,7.840945776569867
257,2017-07-22,8.0,4.765394780300824
258,2017-07-23,15.0,7.187288616272575
259,2017-07-24,7.0,17.820887417539318
260,2017-07-25,10.0,9.271620648978914
261,2017-07-26,12.0,10.84111459626465
262,2017-07-27,11.0,11.632480196856884
263,2017-07-28,6.0,11.33954785943157
264,2017-07-29,8.0,4.182294433157207
265,2017-07-30,6.0,7.187288616272575
266,2017-07-31,15.0,12.57298429324676
267,2017-08-01,15.0,14.576723174638746
268,2017-08-02,14.0,14.39691608049363
269,2017-08-03,11.0,13.438980639655012
270,2017-08-04,12.0,11.979847607942464
271,2017-08-05,10.0,8.321196264529803
272,2017-08-06,6.0,8.993789059070702
273,2017-08-07,8.0,13.213284041757653
274,2017-08-08,7.0,10.495020744633424
275,2017-08-09,12.0,9.73211330334469
276,2017-08-10,12.0,12.272779945367777
277,2017-08-11,14.0,12.56294795508608
278,2017-08-12,5.0,9.487396958817037
279,2017-08-13,6.0,6.078287323352615
280,2017-08-14,9.0,13.213284041757653
281,2017-08-15,15.0,11.07812109177704
282,2017-08-16,11.0,14.39691608049363
283,2017-08-17,14.0,11.68967959822416
284,2017-08-18,12.0,13.729148649373316
285,2017-08-19,11.0,8.321196264529803
286,2017-08-20,7.0,9.57688940621432
287,2017-08-21,16.0,13.796384388901272
288,2017-08-22,10.0,15.159823521782362
289,2017-08-23,29.0,11.481414344775542
290,2017-08-24,18.0,22.18548584680927
291,2017-08-25,13.0,16.061550037947782
292,2017-08-26,7.0,8.90429661167342
293,2017-08-27,8.0,7.24448801763985
294,2017-08-28,19.0,14.379484736044889
295,2017-08-29,9.0,16.909124563213215
296,2017-08-30,9.0,10.898313997631924
297,2017-08-31,10.0,10.523478903936924
298,2017-09-01,5.0,11.697412202590922
299,2017-09-02,9.0,4.540158776316556
300,2017-09-03,10.0,8.711353653719158
301,2017-09-04,8.0,15.846350372124196
302,2017-09-05,10.0,10.795685686425497
303,2017-09-06,12.0,11.782079286567615
304,2017-09-07,12.0,12.573444887159852
305,2017-09-08,8.0,12.863612896878156
306,2017-09-09,4.0,6.2894598177474075
307,2017-09-10,8.0,5.795851918001072
308,2017-09-11,13.0,14.680149677836962
309,2017-09-12,6.0,13.711187422143585
310,2017-09-13,6.0,9.449677897993148
311,2017-09-14,9.0,9.074842804298147
312,2017-09-15,6.0,11.114311855447301
313,2017-09-16,10.0,5.123259123460173
314,2017-09-17,9.0,9.294454000862777
315,2017-09-18,11.0,15.263250024980579
316,2017-09-19,6.0,12.544986727856351
317,2017-09-20,3.0,9.449677897993148
318,2017-09-21,7.0,7.325541762867295
319,2017-09-22,7.0,9.948111161160067
320,2017-09-23,7.0,5.706359470603791
321,2017-09-24,5.0,7.545152959431925
322,2017-09-25,8.0,12.930848636406111
323,2017-09-26,5.0,10.795685686425497
324,2017-09-27,12.0,8.86657755084953
325,2017-09-28,12.0,12.573444887159852
326,2017-09-29,7.0,12.863612896878156
327,2017-09-30,4.0,5.706359470603791
328,2017-10-01,7.0,5.809324124958278
329,2017-10-02,15.0,14.11052153765055
330,2017-10-03,9.0,14.890860323388024
331,2017-10-04,9.0,11.212451146381204
332,2017-10-05,12.0,10.837616052686203
333,2017-10-06,7.0,12.877085103835359
334,2017-10-07,7.0,5.719831677560996
335,2017-10-08,9.0,7.55862516638913
336,2017-10-09,18.0,15.276722231937784
337,2017-10-10,13.0,16.640161364818873
338,2017-10-11,4.0,13.544852534955671
339,2017-10-12,13.0,7.922114316968117
340,2017-10-13,13.0,13.460185450978976
341,2017-10-14,6.0,9.218433760422698
342,2017-10-15,9.0,6.975524819245512
343,2017-10-16,10.0,15.276722231937784
344,2017-10-17,3.0,11.975358587669936
345,2017-10-18,12.0,7.7138490635195
346,2017-10-19,12.0,12.586917094117055
347,2017-10-20,7.0,12.877085103835359
348,2017-10-21,9.0,5.719831677560996
349,2017-10-22,5.0,8.724825860676365
350,2017-10-23,12.0,12.944320843363315
351,2017-10-24,6.0,13.141559281957171
352,2017-10-25,4.0,9.463150104950351
353,2017-10-26,6.0,7.922114316968117
354,2017-10-27,4.0,9.378483020973658
355,2017-10-28,10.0,3.9705306361301433
356,2017-10-29,8.0,9.307926207819982
357,2017-10-30,12.0,14.693621884794167
358,2017-10-31,8.0,13.141559281957171
359,2017-11-01,13.0,10.017543526672577
360,2017-11-02,9.0,12.558210168695663
361,2017-11-03,11.0,10.515976789839497
362,2017-11-04,11.0,7.440425793570455
363,2017-11-05,12.0,9.27921928239859
364,2017-11-06,13.0,16.414216000803627
365,2017-11-07,16.0,13.112852356535779
366,2017-11-08,10.0,14.682346303821516
367,2017-11-09,10.0,10.808909127264812
368,2017-11-10,14.0,11.099077136983116
369,2017-11-11,10.0,9.189726835001307
370,2017-11-12,6.0,8.696118935254972
371,2017-11-13,10.0,12.915613917941922
372,2017-11-14,5.0,11.363551315104926
373,2017-11-15,12.0,8.268242485241725
374,2017-11-16,4.0,11.975109821552046
375,2017-11-17,8.0,7.600475054121411
376,2017-11-18,8.0,5.6911247521396024
377,2017-11-19,15.0,7.529918240967737
378,2017-11-20,11.0,18.16351704223448
379,2017-11-21,12.0,11.946651662248545
380,2017-11-22,5.0,12.349944915247045
381,2017-11-23,13.0,7.8934073915467255
382,2017-11-24,4.0,12.848378178413967
383,2017-11-25,9.0,3.358723363565134
384,2017-11-26,3.0,8.113018588111354
385,2017-11-27,19.0,11.16631287651107
386,2017-11-28,15.0,16.611454439397484
387,2017-11-29,8.0,14.0992459566779
388,2017-11-30,13.0,9.642708432977576
389,2017-12-01,9.0,11.811562356080278
390,2017-12-02,6.0,5.237409276949531
391,2017-12-03,5.0,5.326901724346814
392,2017-12-04,11.0,11.295697748464617
393,2017-12-05,15.0,10.909835839914857
394,2017-12-06,8.0,13.062430134344211
395,2017-12-07,4.0,8.605892610643888
396,2017-12-08,10.0,6.563659231787723
397,2017-12-09,6.0,5.820509624093149
398,2017-12-10,6.0,5.326901724346814
399,2017-12-11,16.0,11.878798095608234
400,2017-12-12,6.0,13.825337575632943
401,2017-12-13,10.0,7.814527010051654
402,2017-12-14,10.0,9.772093304931124
403,2017-12-15,12.0,10.062261314649428
404,2017-12-16,9.0,6.986710318380384
405,2017-12-17,5.0,7.076202765777666
406,2017-12-18,14.0,11.295697748464617
407,2017-12-19,15.0,12.65913688134571
408,2017-12-20,14.0,13.062430134344211
409,2017-12-21,11.0,12.104494693505593
410,2017-12-22,7.0,10.645361661793045
411,2017-12-23,8.0,4.0712085826622975
412,2017-12-24,6.0,6.493102418634049
413,2017-12-25,3.0,11.878798095608234
414,2017-12-26,10.0,6.245033062765918
415,2017-12-27,10.0,10.146928398626123
416,2017-12-28,11.0,9.772093304931124
417,2017-12-29,9.0,10.645361661793045
418,2017-12-30,4.0,5.237409276949531
419,2017-12-31,3.0,4.160701030059579
420,2018-01-01,3.0,10.958387229338456
421,2018-01-02,12.0,7.0739232379269925
422,2018-01-03,12.0,12.142019268074431
423,2018-01-04,17.0,11.767184174379432
424,2018-01-05,10.0,14.972853919815822
425,2018-01-06,6.0,6.6493997992542235
426,2018-01-07,8.0,6.155791899507888
427,2018-01-08,10.0,13.873888965056544
428,2018-01-09,13.0,11.155625667932313
429,2018-01-10,13.0,12.725119615218048
430,2018-01-11,12.0,12.350284521523049
431,2018-01-12,7.0,12.057352184097736
432,2018-01-13,8.0,4.900098757823372
433,2018-01-14,12.0,7.321992593795123
434,2018-01-15,14.0,16.20629035363101
435,2018-01-16,10.0,13.488027056506784
436,2018-01-17,10.0,10.975818573787198
437,2018-01-18,14.0,10.600983480092198
438,2018-01-19,5.0,13.223552878384972
439,2018-01-20,5.0,3.733898063536137
440,2018-01-21,12.0,5.5726915523642715
441,2018-01-22,15.0,16.20629035363101
442,2018-01-23,9.0,14.0711274036504
443,2018-01-24,14.0,10.39271822664358
444,2018-01-25,14.0,12.933384868666668
445,2018-01-26,13.0,13.223552878384972
446,2018-01-27,11.0,8.398700840685075
447,2018-01-28,12.0,9.071293635225976
448,2018-01-29,11.0,16.20629035363101
449,2018-01-30,9.0,11.738726015075931
450,2018-01-31,11.0,10.39271822664358
451,2018-02-01,12.0,12.583632059779312
452,2018-02-02,8.0,13.456900416641233
453,2018-02-03,4.0,6.882747337510485
454,2018-02-04,11.0,6.3891394377641495
455,2018-02-05,15.0,17.02273823903089
456,2018-02-06,13.0,15.470675636193896
457,2018-02-07,12.0,14.124667847761543
458,2018-02-08,5.0,13.166732406922929
459,2018-02-09,7.0,9.37519798663591
460,2018-02-10,8.0,6.299646990366868
461,2018-02-11,8.0,8.721540826338618
462,2018-02-12,22.0,15.273437197600039
463,2018-02-13,10.0,19.552378066199218
464,2018-02-14,14.0,12.375366806330693
465,2018-02-15,14.0,14.332933101210163
466,2018-02-16,9.0,14.623101110928467
467,2018-02-17,18.0,7.4658476846541015
468,2018-02-18,14.0,14.55254429777479
469,2018-02-19,16.0,18.772039280461744
470,2018-02-20,15.0,16.053775983337513
471,2018-02-21,14.0,15.29086854204878
472,2018-02-22,13.0,14.332933101210163
473,2018-02-23,16.0,14.04000076378485
474,2018-02-24,16.0,11.547550114659423
475,2018-02-25,15.0,13.386343603487557
476,2018-02-26,9.0,19.35513962760536
477,2018-02-27,11.0,11.97207355333219
478,2018-02-28,16.0,12.95846715347431
479,2018-03-01,10.0,17.445882210451877
480,2018-03-02,13.0,14.237448137308476
481,2018-03-03,11.0,11.74499748818305
482,2018-03-04,11.0,12.41759028272395
483,2018-03-05,20.0,18.96948665398537
484,2018-03-06,19.0,20.33292578686646
485,2018-03-07,17.0,19.57001834557773
486,2018-03-08,11.0,18.02898255759549
487,2018-03-09,10.0,14.820548484452093
488,2018-03-10,8.0,9.995696446752198
489,2018-03-11,8.0,10.668289241293097
490,2018-03-12,16.0,17.220185612554516
491,2018-03-13,15.0,18.000524398291994
492,2018-03-14,16.0,17.23761695700326
493,2018-03-15,9.0,17.445882210451877
494,2018-03-16,9.0,13.654347790164858
495,2018-03-17,17.0,9.41259609960858
496,2018-03-18,14.0,15.916192365585653
497,2018-03-19,12.0,20.718787695416225
498,2018-03-20,8.0,15.668123009717522
499,2018-03-21,17.0,13.155914526997936
500,2018-03-22,10.0,18.02898255759549
501,2018-03-23,17.0,14.237448137308476
502,2018-03-24,14.0,14.077398876757519
503,2018-03-25,11.0,14.166891324154802
504,2018-03-26,11.0,18.96948665398537
505,2018-03-27,11.0,15.085022662573905
506,2018-03-28,12.0,14.905215568428789
507,2018-03-29,10.0,15.113480821877406
508,2018-03-30,13.0,14.237448137308476
509,2018-03-31,15.0,11.74499748818305
510,2018-04-01,14.0,15.105082113135076
511,2018-04-02,9.0,21.07387813725288
512,2018-04-03,10.0,14.273912410123327
513,2018-04-04,24.0,14.677205663121828
514,2018-04-05,24.0,22.46577542943747
515,2018-04-06,14.0,22.755943439155775
516,2018-04-07,8.0,12.683188277163325
517,2018-04-08,16.0,11.023379683129754
518,2018-04-09,10.0,22.240078831540114
519,2018-04-10,19.0,14.857012757266943
520,2018-04-11,16.0,19.925108787414384
521,2018-04-12,11.0,17.800972652288532
522,2018-04-13,19.0,15.17563892628875
523,2018-04-14,12.0,15.598690012881411
524,2018-04-15,9.0,13.355781071704223
525,2018-04-16,15.0,18.15837640153479
526,2018-04-17,18.0,17.77251449298503
527,2018-04-18,18.0,19.342008440270767
528,2018-04-19,22.0,18.967173346575766
529,2018-04-20,19.0,21.58974274486854
530,2018-04-21,8.0,15.598690012881411
531,2018-04-22,17.0,11.023379683129754
532,2018-04-23,17.0,22.82317917868373
533,2018-04-24,15.0,18.938715187272265
534,2018-04-25,11.0,17.592707398839917
535,2018-04-26,12.0,14.885470916570446
536,2018-04-27,15.0,15.758739273432367
537,2018-04-28,9.0,13.266288624306942
538,2018-04-29,14.0,11.60648003027337
539,2018-04-30,20.0,21.07387813725288
540,2018-05-01,10.0,17.619460427963254
541,2018-05-02,13.0,11.608649862381966
542,2018-05-03,15.0,12.983115810117818
543,2018-05-04,11.0,14.439484514123357
544,2018-05-05,17.0,7.86533143499261
545,2018-05-06,12.0,13.202727006682448
546,2018-05-07,14.0,16.83912164222578
547,2018-05-08,7.0,14.120858345101553
548,2018-05-09,6.0,9.859348820951114
549,2018-05-10,8.0,8.901413380112498
550,2018-05-11,15.0,10.357782084118035
551,2018-05-12,9.0,10.19773282356708
552,2018-05-13,13.0,8.537924229533509
553,2018-05-14,17.0,17.422221989369397
554,2018-05-15,13.0,15.870159386532404
555,2018-05-16,29.0,13.357950903812817
556,2018-05-17,21.0,22.312721364415697
557,2018-05-18,22.0,17.93808659698506
558,2018-05-19,15.0,14.279435253572402
559,2018-05-20,11.0,12.036526312395214
560,2018-05-21,12.0,16.256021295082164
561,2018-05-22,12.0,12.954657650814317
562,2018-05-23,22.0,12.7748505566692
563,2018-05-24,24.0,18.231018934410375
564,2018-05-25,12.0,19.687387638415913
565,2018-05-26,9.0,8.448431782136227
566,2018-05-27,10.0,8.537924229533509
567,2018-05-28,30.0,15.672920947938547
568,2018-05-29,25.0,23.45046389939943
569,2018-05-30,16.0,20.355155069536227
570,2018-05-31,14.0,14.73241685154867
571,2018-06-01,22.0,13.435427977919568
572,2018-06-02,12.0,13.85847906451223
573,2018-06-03,12.0,9.86626908190419
574,2018-06-04,11.0,16.418165453165606
575,2018-06-05,15.0,11.950601114610528
576,2018-06-06,16.0,14.103195409039882
577,2018-06-07,14.0,14.311460662488498
578,2018-06-08,17.0,13.435427977919568
579,2018-06-09,16.0,10.942977328794141
580,2018-06-10,10.0,12.198670470478659
581,2018-06-11,26.0,15.251964758878374
582,2018-06-12,15.0,20.697106321764785
583,2018-06-13,16.0,14.103195409039882
584,2018-06-14,14.0,14.311460662488498
585,2018-06-15,11.0,13.435427977919568
586,2018-06-16,13.0,7.444375245932438
587,2018-06-17,10.0,10.449369429047806
588,2018-06-18,12.0,15.251964758878374
589,2018-06-19,14.0,12.533701461754145
590,2018-06-20,9.0,13.520095061896265
591,2018-06-21,18.0,10.229758232483176
592,2018-06-22,16.0,15.767829366494036
593,2018-06-23,8.0,10.359876981650524
594,2018-06-24,10.0,7.53386769332972
595,2018-06-25,11.0,15.251964758878374
596,2018-06-26,11.0,11.950601114610528
597,2018-06-27,16.0,11.770794020465411
598,2018-06-28,11.0,14.311460662488498
599,2018-06-29,8.0,11.686126936488716
600,2018-06-30,13.0,5.695074204501585
601,2018-07-01,7.0,10.102790351990661
602,2018-07-02,15.0,13.156084640390379
603,2018-07-03,18.0,13.936423426127853
604,2018-07-04,12.0,15.505917373413588
605,2018-07-05,17.0,11.632480196856884
606,2018-07-06,13.0,14.838149942293274
607,2018-07-07,19.0,8.263996863162527
608,2018-07-08,14.0,13.601392434852366
609,2018-07-09,16.0,17.2377870703957
610,2018-07-10,12.0,14.51952377327147
611,2018-07-11,23.0,12.007315290551883
612,2018-07-12,14.0,18.046584015436675
613,2018-07-13,15.0,13.088848900862423
614,2018-07-14,13.0,9.430197557449763
615,2018-07-15,13.0,10.102790351990661
616,2018-07-16,6.0,16.65468672325208
617,2018-07-17,18.0,8.688520301835297
618,2018-07-18,20.0,15.505917373413588
619,2018-07-19,11.0,16.297282974005824
620,2018-07-20,12.0,11.33954785943157
621,2018-07-21,13.0,7.68089651601891
622,2018-07-22,12.0,10.102790351990661
623,2018-07-23,26.0,16.071586376108463
624,2018-07-24,12.0,20.350527244707642
625,2018-07-25,19.0,12.007315290551883
626,2018-07-26,14.0,15.714182626862206
627,2018-07-27,18.0,13.088848900862423
628,2018-07-28,16.0,11.179498598880613
629,2018-07-29,19.0,11.852091393421514
630,2018-07-30,13.0,20.153288806113785
631,2018-07-31,5.0,12.770222731840617
632,2018-08-01,8.0,8.565912609057456
633,2018-08-02,14.0,9.940378556793307
634,2018-08-03,13.0,13.729148649373316
635,2018-08-04,10.0,8.90429661167342
636,2018-08-05,12.0,8.993789059070702
637,2018-08-06,19.0,16.711886124619355
638,2018-08-07,18.0,16.909124563213215
639,2018-08-08,15.0,16.14621712192448
640,2018-08-09,18.0,14.02208098679863
641,2018-08-10,17.0,16.061550037947782
642,2018-08-11,8.0,11.23669800024789
643,2018-08-12,4.0,7.827588364783467
644,2018-08-13,20.0,12.047083347470418
645,2018-08-14,18.0,17.492224910356832
646,2018-08-15,26.0,16.14621712192448
647,2018-08-16,21.0,20.436184805378417
648,2018-08-17,21.0,17.810851079378637
649,2018-08-18,14.0,13.569099388822359
650,2018-08-19,19.0,11.326190447645173
651,2018-08-20,11.0,20.793588554624677
652,2018-08-21,10.0,12.244321786064276
653,2018-08-22,15.0,11.481414344775542
654,2018-08-23,18.0,14.02208098679863
655,2018-08-24,18.0,16.061550037947782
656,2018-08-25,14.0,11.819798347391506
657,2018-08-26,13.0,11.326190447645173
658,2018-08-27,25.0,17.294986471762975
659,2018-08-28,21.0,20.407726646074916
660,2018-08-29,18.0,17.89551816335533
661,2018-08-30,17.0,15.77138202822948
662,2018-08-31,19.0,15.478449690804167
663,2018-09-01,12.0,12.7035636363272
664,2018-09-02,15.0,10.460654695150012
665,2018-09-03,21.0,18.761852107842284
666,2018-09-04,15.0,18.375990199292524
667,2018-09-05,21.0,14.697581022285704
668,2018-09-06,15.0,17.821348011452407
669,2018-09-07,16.0,14.612913938309006
670,2018-09-08,22.0,10.954262594896345
671,2018-09-09,14.0,16.291658166586185
672,2018-09-10,20.0,18.178751760698667
673,2018-09-11,18.0,17.792889852148907
674,2018-09-12,27.0,16.446882063716554
675,2018-09-13,10.0,21.319950094314112
676,2018-09-14,10.0,11.697412202590922
677,2018-09-15,9.0,7.455660512034642
678,2018-09-16,10.0,8.711353653719158
679,2018-09-17,13.0,15.846350372124196
680,2018-09-18,32.0,13.711187422143585
681,2018-09-19,19.0,24.610286923727198
682,2018-09-20,20.0,16.655147317165174
683,2018-09-21,11.0,17.528415674027094
684,2018-09-22,12.0,8.03876085917826
685,2018-09-23,12.0,10.460654695150012
686,2018-09-24,18.0,17.01255106641143
687,2018-09-25,22.0,16.62668915786167
688,2018-09-26,14.0,18.779283452291025
689,2018-09-27,12.0,13.739645581447085
690,2018-09-28,16.0,12.863612896878156
691,2018-09-29,12.0,10.954262594896345
692,2018-09-30,13.0,10.460654695150012
693,2018-10-01,20.0,17.60912362051225
694,2018-10-02,23.0,17.80636205910611
695,2018-10-03,21.0,19.37585600639185
696,2018-10-04,24.0,17.83482021840961
697,2018-10-05,21.0,19.87428926955877
698,2018-10-06,14.0,13.883236537571637
699,2018-10-07,15.0,11.640327596394451
700,2018-10-08,29.0,18.77532431479949
701,2018-10-09,17.0,23.05426518339867
702,2018-10-10,20.0,15.877253923530143
703,2018-10-11,20.0,17.251719871265994
704,2018-10-12,17.0,17.541887880984298
705,2018-10-13,14.0,11.550835148997168
706,2018-10-14,4.0,11.640327596394451
707,2018-10-15,15.0,12.361220496219696
708,2018-10-16,14.0,14.890860323388024
709,2018-10-17,17.0,14.127952882099292
710,2018-10-18,23.0,15.502418829835142
711,2018-10-19,24.0,19.291188922415152
712,2018-10-20,14.0,15.63253757900249
713,2018-10-21,12.0,11.640327596394451
714,2018-10-22,13.0,17.026023273368637
715,2018-10-23,23.0,13.724659629100788
716,2018-10-24,24.0,19.37585600639185
717,2018-10-25,21.0,19.584121259840465
718,2018-10-26,13.0,18.124988228127915
719,2018-10-27,9.0,9.218433760422698
720,2018-10-28,21.0,8.724825860676365
721,2018-10-29,13.0,22.273926397661192
722,2018-10-30,13.0,13.724659629100788
723,2018-10-31,9.0,13.544852534955671
724,2018-11-01,18.0,10.225808780121193
725,2018-11-02,7.0,15.763879914132053
726,2018-11-03,14.0,5.1080244049959855
727,2018-11-04,17.0,11.028520323829442
728,2018-11-05,7.0,19.329717736521715
729,2018-11-06,15.0,9.614250273674076
730,2018-11-07,23.0,14.0992459566779
731,2018-11-08,23.0,18.38921364013184
732,2018-11-09,7.0,18.679381649850143
733,2018-11-10,9.0,5.1080244049959855
734,2018-11-11,8.0,8.113018588111354
735,2018-11-12,22.0,14.081814612229158
736,2018-11-13,16.0,18.360755480828338
737,2018-11-14,16.0,14.682346303821516
738,2018-11-15,14.0,14.307511210126515
739,2018-11-16,11.0,13.431478525557585
740,2018-11-17,6.0,7.440425793570455
741,2018-11-18,6.0,6.363717546680503
742,2018-11-19,8.0,12.915613917941922
743,2018-11-20,7.0,10.197350620817693
744,2018-11-21,10.0,9.43444317952896
745,2018-11-22,13.0,10.808909127264812
746,2018-11-23,13.0,12.848378178413967
747,2018-11-24,16.0,8.606626487857689
748,2018-11-25,9.0,12.194721018116676
749,2018-11-26,12.0,14.664914959372775
750,2018-11-27,15.0,12.529752009392162
751,2018-11-28,11.0,14.0992459566779
752,2018-11-29,8.0,11.392009474408429
753,2018-11-30,11.0,9.93287644269588
754,2018-12-01,11.0,6.403609971236767
755,2018-12-02,16.0,8.242403460064901
756,2018-12-03,15.0,17.70980156704441
757,2018-12-04,22.0,13.242237228489326
758,2018-12-05,13.0,17.144132564349533
759,2018-12-06,15.0,11.521394346361975
760,2018-12-07,26.0,12.977763050367514
761,2018-12-08,11.0,15.150115178391026
762,2018-12-09,3.0,8.242403460064901
763,2018-12-10,12.0,10.129497054177381
764,2018-12-11,15.0,11.492936187058474
765,2018-12-12,12.0,13.062430134344211
766,2018-12-13,14.0,10.938293999218358
767,2018-12-14,18.0,12.394662703223897
768,2018-12-15,13.0,10.485312401242087
769,2018-12-16,10.0,9.408604154352135
770,2018-12-17,15.0,14.211199484182703
771,2018-12-18,21.0,13.242237228489326
772,2018-12-19,8.0,16.561032217205913
773,2018-12-20,22.0,8.605892610643888
774,2018-12-21,8.0,17.059465480372836
775,2018-12-22,11.0,4.654308929805914
776,2018-12-23,9.0,8.242403460064901
777,2018-12-24,8.0,13.628099137039086
778,2018-12-25,10.0,9.160534798484004
779,2018-12-26,9.0,10.146928398626123
780,2018-12-27,13.0,9.188992957787505
781,2018-12-28,9.0,11.811562356080278
782,2018-12-29,6.0,5.237409276949531
783,2018-12-30,8.0,5.326901724346814
784,2018-12-31,8.0,13.04499878989547
785,2019-01-01,5.0,9.989424973645079
786,2019-01-02,14.0,8.060316838069111
787,2019-01-03,17.0,12.933384868666668
788,2019-01-04,8.0,14.972853919815822
789,2019-01-05,13.0,5.483199104966989
790,2019-01-06,9.0,10.23749432951321
791,2019-01-07,20.0,14.456989312200161
792,2019-01-08,13.0,16.98662913936849
793,2019-01-09,17.0,12.725119615218048
794,2019-01-10,14.0,14.682685910097518
795,2019-01-11,21.0,13.223552878384972
796,2019-01-12,6.0,13.063503617834014
797,2019-01-13,7.0,6.155791899507888
798,2019-01-14,14.0,13.290788617912927
799,2019-01-15,23.0,13.488027056506784
800,2019-01-16,11.0,18.556123086654225
801,2019-01-17,22.0,11.184083827235815
802,2019-01-18,14.0,17.88835565553391
803,2019-01-19,10.0,8.981801187828694
804,2019-01-20,6.0,8.488193288082357
805,2019-01-21,24.0,12.707688270769308
806,2019-01-22,22.0,19.319030527942957
807,2019-01-23,24.0,17.973022739510608
808,2019-01-24,15.0,18.76438834010284
809,2019-01-25,14.0,13.806653225528589
810,2019-01-26,15.0,8.981801187828694
811,2019-01-27,5.0,11.403695023800445
812,2019-01-28,24.0,12.124587923625691
813,2019-01-29,14.0,19.319030527942957
814,2019-01-30,19.0,13.308219962361669
815,2019-01-31,12.0,15.848886604384754
816,2019-02-01,14.0,13.456900416641233
817,2019-02-02,11.0,10.381349420372189
818,2019-02-03,9.0,10.470841867769472
819,2019-02-04,11.0,15.856537544743656
820,2019-02-05,22.0,13.138274247619428
821,2019-02-06,21.0,19.372570972054103
822,2019-02-07,15.0,18.414635531215485
823,2019-02-14,7.0,14.91603344835378
824,2019-02-15,29.0,10.541398680923145
825,2019-02-16,11.0,19.12785462752645
826,2019-02-17,8.0,10.470841867769472
827,2019-02-18,24.0,15.273437197600039
828,2019-02-19,22.0,20.71857876048645
829,2019-02-20,17.0,19.372570972054103
830,2019-02-21,19.0,16.082234142641013
831,2019-02-22,20.0,17.538602846646555
832,2019-02-23,12.0,13.879951503233894
833,2019-02-24,13.0,11.05394221491309
834,2019-02-25,13.0,18.188938933318124
835,2019-02-26,17.0,14.304474941906662
836,2019-02-27,15.0,16.457069236336014
837,2019-02-28,13.0,14.91603344835378
838,2019-03-01,16.0,15.986749178739327
839,2019-03-02,10.0,13.494298529613902
840,2019-03-03,7.0,11.834489935580333
841,2019-03-04,22.0,16.637085265410903
842,2019-03-05,22.0,21.499126481153695
843,2019-03-06,18.0,21.319319387008584
844,2019-03-07,26.0,18.61208290473911
845,2019-03-08,13.0,23.567053691606354
846,2019-03-09,22.0,11.74499748818305
847,2019-03-10,22.0,18.83169410130374
848,2019-03-11,26.0,25.38359047256516
849,2019-03-12,28.0,23.831527869728163
850,2019-03-13,32.0,24.817921469870285
851,2019-03-14,27.0,26.775487764749755
852,2019-03-15,14.0,24.150154038749974
853,2019-03-16,11.0,12.328097835326668
854,2019-03-17,9.0,12.41759028272395
855,2019-03-18,10.0,17.803285959698137
856,2019-03-19,26.0,14.501922315430287
857,2019-03-20,23.0,23.65172077558305
858,2019-03-21,11.0,21.5275846404572
859,2019-03-22,16.0,14.820548484452093
860,2019-03-23,16.0,13.494298529613902
861,2019-03-24,13.0,15.333092018442036
862,2019-03-25,9.0,20.135687348272604
863,2019-03-26,19.0,13.91882196828667
864,2019-03-27,11.0,19.57001834557773
865,2019-03-28,21.0,14.53038047473379
866,2019-03-29,21.0,20.651551955888266
867,2019-03-30,16.0,16.409800265331988
868,2019-03-31,6.0,15.333092018442036
869,2019-04-01,22.0,16.40907536010394
870,2019-04-02,16.0,21.854216922990354
871,2019-04-03,21.0,18.175807745983533
872,2019-04-04,16.0,20.716474388006617
873,2019-04-05,20.0,18.091140662006836
874,2019-04-06,8.0,16.181790360025026
875,2019-04-07,13.0,11.023379683129754
876,2019-04-08,28.0,20.49077779010926
877,2019-04-09,16.0,25.35281900585206
878,2019-04-10,23.0,18.175807745983533
879,2019-04-11,12.0,21.882675082293854
880,2019-04-12,15.0,15.758739273432367
881,2019-04-13,10.0,13.266288624306942
882,2019-04-14,10.0,12.189580377416988
883,2019-04-15,16.0,18.74147674867841
884,2019-04-16,13.0,18.35561484012865
885,2019-04-17,16.0,16.42650670455268
886,2019-04-18,7.0,17.800972652288532
887,2019-04-19,2.0,12.84323753771428
888,2019-04-20,8.0,5.6859841114399154
889,2019-04-21,8.0,11.023379683129754
890,2019-04-22,15.0,17.575276054391175
891,2019-04-23,29.0,17.77251449298503
892,2019-04-24,22.0,25.75611225885056
893,2019-04-25,15.0,21.299574735150237
894,2019-04-26,19.0,17.50804031486322
895,2019-04-27,6.0,15.598690012881411
896,2019-04-28,8.0,9.85717898884252
897,2019-04-29,8.0,17.575276054391175
898,2019-04-30,12.0,13.69081206297971
899,2019-05-01,16.0,12.7748505566692
900,2019-05-02,13.0,14.73241685154867
901,2019-05-03,8.0,13.273283819836122
902,2019-05-04,14.0,6.116030393561758
903,2019-05-05,7.0,11.453425965251597
904,2019-05-06,14.0,13.923619906507696
905,2019-05-07,15.0,14.120858345101553
906,2019-05-08,14.0,14.524151598100055
907,2019-05-09,12.0,13.566216157261437
908,2019-05-10,13.0,12.690183472692505
909,2019-05-11,13.0,9.031532129279844
910,2019-05-12,11.0,10.870325618107978
911,2019-05-13,21.0,16.256021295082164
912,2019-05-14,16.0,18.20256077510687
913,2019-05-15,17.0,15.107251945243672
914,2019-05-16,17.0,15.315517198692287
915,2019-05-17,20.0,15.605685208410591
916,2019-05-18,15.0,13.113234559285166
917,2019-05-19,16.0,12.036526312395214
918,2019-05-20,16.0,19.17152303080025
919,2019-05-21,14.0,15.287059039388787
920,2019-05-22,21.0,13.941051250956438
921,2019-05-23,13.0,17.64791858726676
922,2019-05-24,16.0,13.273283819836122
923,2019-05-25,6.0,10.780833170710697
924,2019-05-26,10.0,6.788623188102657
925,2019-05-27,10.0,15.672920947938547
926,2019-05-28,24.0,11.788456956527082
927,2019-05-29,11.0,19.77205472239261
928,2019-05-30,12.0,11.816915115830584
929,2019-05-31,15.0,12.690183472692505
930,2019-06-01,11.0,9.776776634506907
931,2019-06-02,9.0,9.283168734760572
932,2019-06-03,17.0,14.668864411734758
933,2019-06-04,20.0,15.449203197472231
934,2019-06-05,18.0,17.018697144757965
935,2019-06-06,20.0,15.477661356775732
936,2019-06-07,12.0,16.93403006078127
937,2019-06-08,7.0,8.027475593076055
938,2019-06-09,17.0,6.950767346186103
939,2019-06-10,18.0,19.333667188883695
940,2019-06-11,18.0,16.03230354461585
941,2019-06-12,10.0,15.852496450470733
942,2019-06-13,18.0,10.812858579626795
943,2019-06-14,15.0,15.767829366494036
944,2019-06-15,14.0,9.776776634506907
945,2019-06-16,12.0,11.032469776191425
946,2019-06-17,17.0,16.418165453165606
947,2019-06-18,13.0,15.449203197472231
948,2019-06-19,17.0,12.936994714752645
949,2019-06-20,19.0,14.894561009632115
950,2019-06-21,17.0,16.350929713637655
951,2019-06-22,17.0,10.942977328794141
952,2019-06-23,5.0,12.781770817622276
953,2019-06-24,17.0,12.336463023160288
954,2019-06-25,16.0,15.449203197472231
955,2019-06-26,9.0,14.6862957561835
956,2019-06-27,15.0,10.229758232483176
957,2019-06-28,21.0,14.018528325063185
958,2019-06-29,10.0,13.27537871736861
959,2019-06-30,5.0,8.700068387616955
960,2019-07-01,12.0,11.989883946103143
961,2019-07-02,12.0,12.187122384697
962,2019-07-03,15.0,12.007315290551883
963,2019-07-04,10.0,13.381781238287736
964,2019-07-05,17.0,10.756447512287954
965,2019-07-06,13.0,10.596398251736996
966,2019-07-07,8.0,10.102790351990661
967,2019-07-08,22.0,13.739184987533996
968,2019-07-09,21.0,18.018125856133175
969,2019-07-10,15.0,17.25521841484444
970,2019-07-11,10.0,13.381781238287736
971,2019-07-12,21.0,10.756447512287954
972,2019-07-13,9.0,12.928799640311466
973,2019-07-14,9.0,7.770388963416192
974,2019-07-15,10.0,14.322285334677613
975,2019-07-16,19.0,11.020921690409764
976,2019-07-17,11.0,16.089017720557205
977,2019-07-18,15.0,11.049379849713267
978,2019-07-19,21.0,13.67194924800604
979,2019-07-20,12.0,12.928799640311466
980,2019-07-21,16.0,9.519690004847044
981,2019-07-22,17.0,18.403987764682935
982,2019-07-23,11.0,15.102624120415086
983,2019-07-24,11.0,11.424214943408266
984,2019-07-25,12.0,11.049379849713267
985,2019-07-26,14.0,11.922648206575188
986,2019-07-27,14.0,8.847097210306146
987,2019-07-28,17.0,10.68589069913428
988,2019-07-29,18.0,18.98708811182655
989,2019-07-30,13.0,15.685724467558703
990,2019-07-31,11.0,12.5904156376955
991,2019-08-01,15.0,11.68967959822416
992,2019-08-02,17.0,14.312248996516933
993,2019-08-03,10.0,11.23669800024789
994,2019-08-04,7.0,8.993789059070702
995,2019-08-05,18.0,13.796384388901272
996,2019-08-06,10.0,16.326024216069598
997,2019-08-07,13.0,11.481414344775542
998,2019-08-08,19.0,12.855880292511394
999,2019-08-09,16.0,16.644650385091403
1000,2019-08-10,12.0,10.653597653104272
1001,2019-08-11,7.0,10.159989753357937
1002,2019-08-12,18.0,13.796384388901272
1003,2019-08-13,9.0,16.326024216069598
1004,2019-08-14,21.0,10.898313997631924
1005,2019-08-15,12.0,17.520683069660333
1006,2019-08-16,19.0,12.56294795508608
1007,2019-08-17,8.0,12.402898694535125
1008,2019-08-18,12.0,7.827588364783467
1009,2019-08-19,20.0,16.711886124619355
1010,2019-08-20,21.0,17.492224910356832
1011,2019-08-21,14.0,17.89551816335533
1012,2019-08-22,20.0,13.438980639655012
1013,2019-08-23,10.0,17.22775073223502
1014,2019-08-24,9.0,7.154995570242567
1015,2019-08-25,9.0,8.410688711927083
1016,2019-08-26,16.0,14.962585083188506
1017,2019-08-27,20.0,15.159823521782362
1018,2019-08-28,11.0,17.312417816211713
1019,2019-08-29,21.0,11.68967959822416
1020,2019-08-30,17.0,17.810851079378637
1021,2019-08-31,9.0,11.23669800024789
1022,2019-09-01,6.0,8.711353653719158
1023,2019-09-02,12.0,13.513948983549728
1024,2019-09-03,12.0,13.128087074999968
1025,2019-09-04,14.0,12.94827998085485
1026,2019-09-05,16.0,13.739645581447085
1027,2019-09-06,13.0,15.196014285452623
1028,2019-09-07,7.0,9.204961553465495
1029,2019-09-08,10.0,7.545152959431925
1030,2019-09-09,14.0,15.846350372124196
1031,2019-09-10,11.0,14.294287769287202
1032,2019-09-11,17.0,12.365179633711232
1033,2019-09-12,9.0,15.488946622877936
1034,2019-09-13,16.0,11.114311855447301
1035,2019-09-14,14.0,10.954262594896345
1036,2019-09-15,4.0,11.626855389437246
1037,2019-09-16,8.0,12.34774828926249
1038,2019-09-17,14.0,10.795685686425497
1039,2019-09-18,16.0,14.114480675142087
1040,2019-09-19,14.0,14.90584627573432
1041,2019-09-20,11.0,14.02981359116539
1042,2019-09-21,7.0,8.03876085917826
1043,2019-09-22,11.0,7.545152959431925
1044,2019-09-23,8.0,16.429450719267813
1045,2019-09-24,14.0,10.795685686425497
1046,2019-09-25,15.0,14.114480675142087
1047,2019-09-26,16.0,14.322745928590702
1048,2019-09-27,17.0,15.196014285452623
1049,2019-09-28,7.0,11.537362942039962
1050,2019-09-29,7.0,7.545152959431925
1051,2019-09-30,21.0,14.097049330693345
1052,2019-10-01,19.0,18.389462406249727
1053,2019-10-02,11.0,17.043454617817375
1054,2019-10-03,15.0,12.003816746973438
1055,2019-10-04,18.0,14.626386145266212
1056,2019-10-05,14.0,12.133935496140785
1057,2019-10-06,7.0,11.640327596394451
1058,2019-10-07,23.0,14.11052153765055
1059,2019-10-08,14.0,19.555663100536965
1060,2019-10-09,13.0,14.127952882099292
1061,2019-10-10,16.0,13.170017441260672
1062,2019-10-11,12.0,15.209486492409829
1063,2019-10-12,9.0,8.635333413279081
1064,2019-10-13,13.0,8.724825860676365
1065,2019-10-14,23.0,17.60912362051225
1066,2019-10-15,14.0,19.555663100536965
1067,2019-10-16,22.0,14.127952882099292
1068,2019-10-17,18.0,18.41792056555323
1069,2019-10-18,15.0,16.375687186697064
1070,2019-10-19,12.0,10.384634454709934
1071,2019-10-20,7.0,10.474126902107216
1072,2019-10-21,10.0,14.11052153765055
1073,2019-10-22,15.0,11.975358587669936
1074,2019-10-23,17.0,14.711053229242909
1075,2019-10-24,18.0,15.502418829835142
1076,2019-10-25,14.0,16.375687186697064
1077,2019-10-26,21.0,9.801534107566319
1078,2019-10-27,14.0,15.722030026399771
1079,2019-10-28,11.0,18.192223967655874
1080,2019-10-29,14.0,12.558458934813554
1081,2019-10-30,11.0,14.127952882099292
1082,2019-10-31,13.0,12.003816746973438
1083,2019-11-01,10.0,12.848378178413967
1084,2019-11-02,12.0,6.857325446426838
1085,2019-11-03,11.0,9.862319629542206
1086,2019-11-04,6.0,15.831115653660008
1087,2019-11-05,13.0,9.031149926530459
1088,2019-11-06,17.0,12.933045262390662
1089,2019-11-07,13.0,14.890611557270132
1090,2019-11-08,19.0,12.848378178413967
1091,2019-11-09,8.0,12.105228570719394
1092,2019-11-10,15.0,7.529918240967737
1093,2019-11-11,21.0,18.16351704223448
1094,2019-11-12,21.0,17.777655133684718
1095,2019-11-13,12.0,17.5978480395396
1096,2019-11-14,12.0,11.975109821552046
1097,2019-11-15,8.0,12.26527783127035
1098,2019-11-16,16.0,5.6911247521396024
1099,2019-11-17,7.0,12.194721018116676
1100,2019-11-18,16.0,13.49871426508554
1101,2019-11-19,15.0,14.862153397966631
1102,2019-11-20,13.0,14.0992459566779
1103,2019-11-21,10.0,12.558210168695663
1104,2019-11-22,16.0,11.099077136983116
1105,2019-11-23,13.0,10.355927529288541
1106,2019-11-24,11.0,10.445419976685823
1107,2019-11-25,21.0,15.831115653660008
1108,2019-11-26,18.0,17.777655133684718
1109,2019-11-27,20.0,15.84854699810875
1110,2019-11-28,14.0,16.639912598700985
1111,2019-11-29,12.0,13.431478525557585
1112,2019-11-30,18.0,8.023526140714072
1113,2019-12-01,13.0,12.324105890070221
1114,2019-12-02,9.0,15.960500525613554
1115,2019-12-03,14.0,9.743635145627621
1116,2019-12-04,11.0,12.479329787200594
1117,2019-12-05,16.0,10.35519365207474
1118,2019-12-06,15.0,13.560863397511131
1119,2019-12-07,14.0,8.736011359811236
1120,2019-12-08,11.0,9.991704501495754
1121,2019-12-09,6.0,14.79429983132632
1122,2019-12-10,9.0,7.99433410419677
1123,2019-12-11,19.0,9.563828051482506
1124,2019-12-12,7.0,15.01999642922368
1125,2019-12-13,14.0,8.312960273218575
1126,2019-12-14,9.0,8.15291101266762
1127,2019-12-15,12.0,7.076202765777666
1128,2019-12-16,12.0,15.377400178469937
1129,2019-12-17,23.0,11.492936187058474
1130,2019-12-18,11.0,17.72723291149315
1131,2019-12-19,14.0,10.35519365207474
1132,2019-12-20,10.0,12.394662703223897
1133,2019-12-21,13.0,5.820509624093149
1134,2019-12-22,10.0,9.408604154352135
1135,2019-12-23,11.0,14.211199484182703
1136,2019-12-24,6.0,10.909835839914857
1137,2019-12-25,9.0,7.814527010051654
1138,2019-12-26,9.0,9.188992957787505
1139,2019-12-27,12.0,9.479160967505809
1140,2019-12-28,11.0,6.986710318380384
1141,2019-12-29,8.0,8.242403460064901
1142,2019-12-30,11.0,13.04499878989547
1143,2019-12-31,6.0,10.909835839914857
1144,2020-01-01,6.0,8.643417185212728
1145,2020-01-02,8.0,8.268582091517729
1146,2020-01-03,19.0,9.724950795523267
1147,2020-01-04,12.0,11.89730292354678
1148,2020-01-05,10.0,9.654393982369593
1149,2020-01-06,7.0,15.040089659343778
1150,2020-01-07,8.0,9.406324626501462
1151,2020-01-08,6.0,9.809617879499964
1152,2020-01-09,9.0,8.268582091517729
1153,2020-01-10,15.0,10.308051142666883
1154,2020-01-11,19.0,9.56490153497231
1155,2020-01-12,4.0,13.736096412374915
1156,2020-01-13,14.0,11.541487576482073
1157,2020-01-14,17.0,13.488027056506784
1158,2020-01-15,12.0,15.05752100379252
1159,2020-01-16,21.0,11.767184174379432
1160,2020-01-17,8.0,17.305255308390294
1161,2020-01-18,9.0,5.483199104966989
1162,2020-01-19,11.0,7.90509294093874
1163,2020-01-20,16.0,15.623190006487395
1164,2020-01-21,6.0,14.654227750794018
1165,2020-01-22,22.0,8.643417185212728
1166,2020-01-23,19.0,17.598187645815607
1167,2020-01-24,15.0,16.13905461410306
1168,2020-01-25,13.0,9.56490153497231
1169,2020-01-26,19.0,10.23749432951321
1170,2020-01-27,9.0,20.287992783636334
1171,2020-01-28,15.0,10.572525320788696
1172,2020-01-29,18.0,13.891320309505286
1173,2020-01-30,13.0,15.265786257241135
1174,2020-01-31,15.0,12.640452531241353
1175,2020-02-01,10.0,10.964449767515806
1176,2020-02-02,11.0,9.887741520625854
1177,2020-02-03,10.0,17.02273823903089
1178,2020-02-04,19.0,12.555173900475808
1179,2020-02-05,9.0,17.62326993062325
1180,2020-02-06,20.0,11.417431365492074
1181,2020-02-07,13.0,18.12170319379017
1182,2020-02-08,8.0,9.798249073228572
1183,2020-02-09,8.0,8.721540826338618
1184,2020-02-10,17.0,15.273437197600039
1185,2020-02-11,30.0,16.63687633048113
1186,2020-02-12,21.0,24.03737374920304
1187,2020-02-13,17.0,18.414635531215485
1188,2020-02-14,25.0,16.372402152359317
1189,2020-02-15,18.0,16.79545323895198
1190,2020-02-16,25.0,14.55254429777479
1191,2020-02-17,22.0,25.186143099041534
1192,2020-02-18,26.0,19.552378066199218
1193,2020-02-19,27.0,21.70497236062857
1194,2020-02-20,19.0,21.91323761407719
1195,2020-02-21,30.0,17.538602846646555
1196,2020-02-22,19.0,19.710954974670067
1197,2020-02-23,28.0,15.135644644918411
1198,2020-02-24,25.0,26.935444140472388
1199,2020-02-25,59.0,21.30167910763007
1200,2020-02-26,43.0,40.94728381636794
1201,2020-02-27,42.0,31.242843168375064
1202,2020-02-28,42.0,30.94991083094975
1203,2020-02-29,49.0,26.708159140393473
1204,2020-03-01,46.0,34.57540347418141
1205,2020-03-02,64.0,39.37799880401198
1206,2020-03-03,44.0,45.98934106118563
1207,2020-03-04,33.0,34.14752702416816
1208,2020-03-05,52.0,27.35858811189337
1209,2020-03-06,46.0,38.72766271734041
1210,2020-03-07,44.0,30.98730894392242
1211,2020-03-08,36.0,31.659901738463326
1212,2020-03-09,9.0,33.546995332575804
1213,2020-03-10,61.0,13.91882196828667
1214,2020-03-11,49.0,44.060232925609654
1215,2020-03-12,42.0,36.688193666191246
1216,2020-03-13,30.0,32.89665924590423
1217,2020-03-14,52.0,30.65202656957821
1218,2020-03-15,42.0,45.31902769556593
1219,2020-03-16,79.0,46.03992059539117
1220,2020-03-17,62.0,63.73016944829355
1221,2020-03-18,64.0,53.637656452706935
1222,2020-03-19,72.0,54.42902205329918
1223,2020-03-20,58.0,59.38399284016642
1224,2020-03-21,62.0,46.9788362895995
1225,2020-03-22,64.0,51.1500311670021
1226,2020-03-23,64.0,58.86812823255076
1227,2020-03-24,70.0,54.983664241139294
1228,2020-03-25,50.0,58.30245922985588
1229,2020-03-26,96.0,46.265617193288534
1230,2020-03-27,72.0,73.37840117161323
1231,2020-03-28,34.0,55.14224114961014
1232,2020-03-29,24.0,34.82322144698081
1233,2020-03-30,68.0,35.54411434680606
1234,2020-03-31,66.0,57.31606562971376
1235,2020-04-01,62.0,56.32514828311806
1236,2020-04-02,62.0,53.617911800848596
1237,2020-04-03,54.0,53.908079810566896
1238,2020-04-04,40.0,45.00152534286169
1239,2020-04-05,56.0,38.67691397167918
1240,2020-04-06,74.0,54.55841589723847
1241,2020-04-07,56.0,61.169758154412115
1242,2020-04-08,50.0,50.494144811681885
1243,2020-04-09,70.0,46.62070763512519
1244,2020-04-10,102.0,58.572882587715846
1245,2020-04-11,84.0,72.99034200575531
1246,2020-04-12,98.0,64.33332924599833
1247,2020-04-13,90.0,79.0486304772704
1248,2020-04-14,54.0,70.49936370871
1249,2020-04-15,70.0,49.32794411739466
1250,2020-04-16,64.0,58.28271457799753
1251,2020-04-17,68.0,55.07428050485414
1252,2020-04-18,66.0,53.164930202872334
1253,2020-04-19,98.0,53.837522997413224
1254,2020-04-20,70.0,79.0486304772704
1255,2020-04-21,76.0,58.83735676583765
1256,2020-04-22,80.0,62.15615175455424
1257,2020-04-23,60.0,64.11371804943371
1258,2020-04-24,68.0,52.74187911627967
1259,2020-04-25,102.0,53.164930202872334
1260,2020-04-26,90.0,74.82913549458345
1261,2020-04-27,78.0,74.38382770012146
1262,2020-04-28,88.0,63.50215954298658
1263,2020-04-29,60.0,69.15335592027765
1264,2020-04-30,54.0,52.451711106561355
1265,2020-05-01,43.0,46.1747212326781
1266,2020-05-02,34.0,35.518865723542035
1267,2020-05-03,45.0,32.1097560880776
1268,2020-05-04,41.0,45.07575627791882
1269,2020-05-05,44.0,38.85889089793289
1270,2020-05-06,41.0,40.428384845218616
1271,2020-05-07,49.0,38.30424871009277
1272,2020-05-08,38.0,43.259219496960014
1273,2020-05-09,41.0,32.60336398782394
1274,2020-05-10,21.0,36.19145851808293
1275,2020-05-11,53.0,31.081347946472004
1276,2020-05-12,45.0,45.85609506365629
1277,2020-05-13,42.0,41.01148519236224
1278,2020-05-14,33.0,38.887349057236385
1279,2020-05-15,32.0,33.92961394266213
1280,2020-05-16,33.0,29.10476190496224
1281,2020-05-17,29.0,31.52665574093399
1282,2020-05-18,37.0,35.74615072362094
1283,2020-05-19,34.0,36.52648950935841
1284,2020-05-20,23.0,34.59738137378245
1285,2020-05-21,32.0,27.808442461507656
1286,2020-05-22,37.0,33.346513595518516
1287,2020-05-23,21.0,32.02026364068033
1288,2020-05-24,35.0,24.529451575210583
1289,2020-05-25,53.0,39.244752806482644
1290,2020-05-26,40.0,45.85609506365629
1291,2020-05-27,34.0,38.09598345664415
1292,2020-05-28,45.0,34.22254628008744
1293,2020-05-29,26.0,40.92681810838555
1294,2020-05-30,26.0,25.606159822100533
1295,2020-05-31,24.0,27.444953310928668
1296,2020-06-01,38.0,32.409692798842684
1297,2020-06-02,42.0,36.68863366744186
1298,2020-06-03,31.0,38.84122796187121
1299,2020-06-04,39.0,32.052289049596425
1300,2020-06-05,40.0,37.00725983646367
1301,2020-06-06,35.0,33.348608493051
1302,2020-06-07,41.0,32.27190024616105
1303,2020-06-08,49.0,42.32239870028418
1304,2020-06-09,35.0,43.10273748602165
1305,2020-06-10,55.0,34.75952553186589
1306,2020-06-11,37.0,46.04669738104324
1307,2020-06-12,35.0,35.841059142176434
1308,2020-06-13,33.0,30.433106757332915
1309,2020-06-14,27.0,31.105699551873816
1310,2020-06-15,39.0,34.15899384027353
1311,2020-06-16,37.0,37.27173401458548
1312,2020-06-17,50.0,35.92572622615313
1313,2020-06-18,47.0,43.13119564532516
1314,2020-06-19,49.0,41.67206261361261
1315,2020-06-20,41.0,38.596511617343566
1316,2020-06-21,19.0,35.77050232902276
1317,2020-06-22,56.0,29.494191063124592
1318,2020-06-23,37.0,47.184439916026975
1319,2020-06-24,34.0,35.92572622615313
1320,2020-06-25,30.0,33.80159009102727
1321,2020-06-26,41.0,31.75935671217111
1322,2020-06-27,20.0,33.931708840194624
1323,2020-06-28,29.0,23.525395039006792
1324,2020-06-29,44.0,35.32519453456077
1325,2020-06-30,39.0,40.187235750303564
1326,2020-07-01,31.0,36.74534784338322
1327,2020-07-02,54.0,31.705709972539278
1328,2020-07-03,35.0,45.40718596656079
1329,2020-07-04,46.0,30.086527680275772
1330,2020-07-05,29.0,38.3394249876837
1331,2020-07-06,30.0,34.97861545750363
1332,2020-07-07,36.0,31.677251813235777
1333,2020-07-08,40.0,34.99604680195237
1334,2020-07-09,35.0,36.95361309683184
1335,2020-07-10,40.0,34.32827937083205
1336,2020-07-11,27.0,33.00202941599386
1337,2020-07-12,39.0,27.260518391954967
1338,2020-07-13,39.0,40.8096189289398
1339,2020-07-14,47.0,36.92515493752834
1340,2020-07-15,33.0,41.41015062053216
1341,2020-07-16,33.0,32.87191066682651
1342,2020-07-17,35.0,33.162078676544816
1343,2020-07-18,32.0,30.086527680275772
1344,2020-07-19,35.0,30.176020127673056
1345,2020-07-20,26.0,38.47721754036533
1346,2020-07-21,33.0,29.344850424661306
1347,2020-07-22,36.0,33.24674576052151
1348,2020-07-23,30.0,34.62121170825737
1349,2020-07-24,33.0,31.412777635113965
1350,2020-07-25,32.0,28.920326985988538
1351,2020-07-26,34.0,30.176020127673056
1352,2020-07-27,19.0,37.89411719322171
1353,2020-07-28,24.0,25.263147994655984
1354,2020-07-29,21.0,27.998842636228957
1355,2020-07-30,25.0,25.874706501103105
1356,2020-07-31,24.0,28.497275899395877
1357,2020-08-01,28.0,24.312723610206874
1358,2020-08-02,28.0,28.483918487609476
1359,2020-08-03,35.0,35.0358148588709
1360,2020-08-04,33.0,35.23305329746476
1361,2020-08-05,34.0,33.887045509032404
1362,2020-08-06,33.0,34.09531076248102
1363,2020-08-07,38.0,33.80237842505571
1364,2020-08-08,28.0,32.47612847021752
1365,2020-08-09,26.0,28.483918487609476
1366,2020-08-10,27.0,33.869614164583666
1367,2020-08-11,30.0,30.568250520315814
1368,2020-08-12,35.0,32.13774446760155
1369,2020-08-13,34.0,34.67841110962464
1370,2020-08-14,30.0,34.38547877219933
1371,2020-08-15,36.0,27.81132569306858
1372,2020-08-16,41.0,33.14872126475842
1373,2020-08-17,31.0,42.61611937173793
1374,2020-08-18,35.0,32.90065190889028
1375,2020-08-19,26.0,35.05324620331964
1376,2020-08-20,26.0,29.43050798533208
1377,2020-08-21,27.0,29.720675995050385
1378,2020-08-22,27.0,26.062024651637724
1379,2020-08-23,21.0,27.90081814046586
1380,2020-08-24,43.0,30.954112428865578
1381,2020-08-25,40.0,39.8978560746137
1382,2020-08-26,32.0,37.968747939037726
1383,2020-08-27,22.0,32.929110068193786
1384,2020-08-28,49.0,27.388274606475917
1385,2020-08-29,37.0,38.890232288797314
1386,2020-08-30,32.0,33.731821611902035
1387,2020-08-31,43.0,37.36821624744537
1388,2020-09-01,62.0,40.19852101640577
1389,2020-09-02,41.0,51.09762051798938
1390,2020-09-03,47.0,38.47767813427842
1391,2020-09-04,44.0,42.26644822685843
1392,2020-09-05,28.0,36.2753954948713
1393,2020-09-06,17.0,28.78458342940155
1394,2020-09-07,62.0,28.92237598208318
1395,2020-09-08,35.0,51.277427612134495
1396,2020-09-09,44.0,35.35391114511172
1397,2020-09-10,29.0,40.22697917570927
1398,2020-09-11,47.0,31.770641978273314
1399,2020-09-12,28.0,38.02469653630215
1400,2020-09-13,30.0,28.78458342940155
1401,2020-09-14,55.0,36.502680494950205
1402,2020-09-15,29.0,47.19572518212917
1403,2020-09-16,31.0,31.85530906225001
1404,2020-09-17,40.0,32.646674662842244
1405,2020-09-18,30.0,38.18474579685311
1406,2020-09-19,32.0,28.111990634860653
1407,2020-09-20,28.0,31.11698481797602
1408,2020-09-21,36.0,35.33647980066297
1409,2020-09-22,52.0,36.11681858640045
1410,2020-09-23,40.0,45.26661704655321
1411,2020-09-24,33.0,37.8945777871348
1412,2020-09-25,45.0,34.103043366847785
1413,2020-09-26,25.0,36.85849584201492
1414,2020-09-27,20.0,27.0352823879707
1415,2020-09-28,37.0,30.671677023514036
1416,2020-09-29,55.0,36.69991893354406
1417,2020-09-30,41.0,47.015918087984055
1418,2020-10-01,42.0,38.491150341235624
1419,2020-10-02,42.0,39.364418698097545
1420,2020-10-03,35.0,35.12266700754127
1421,2020-10-04,24.0,32.879758066364076
1422,2020-10-05,53.0,33.01755061904571
1423,2020-10-06,33.0,46.04299669479914
1424,2020-10-07,42.0,34.201182657781686
1425,2020-10-08,44.0,39.07425068837924
1426,2020-10-09,35.0,40.53061939238478
1427,2020-10-10,24.0,31.040964577535945
1428,2020-10-11,29.0,26.46565424778429
1429,2020-10-12,38.0,35.933052354763795
1430,2020-10-13,42.0,37.296491487644886
1431,2020-10-14,35.0,39.449085782074235
1432,2020-10-15,49.0,34.992548258373915
1433,2020-10-16,40.0,43.44612112810287
1434,2020-10-17,28.0,33.95646631325403
1435,2020-10-18,37.0,28.798055636358757
1436,2020-10-19,41.0,40.59785513191273
1437,2020-10-20,27.0,39.04579252907574
1438,2020-10-21,34.0,30.70258057491998
1439,2020-10-22,35.0,34.4094479112303
1440,2020-10-23,31.0,35.28271626809222
1441,2020-10-24,20.0,28.708563188961477
1442,2020-10-25,26.0,24.133252859209822
1443,2020-10-26,46.0,34.18375131333294
1444,2020-10-27,36.0,41.96129426479382
1445,2020-10-28,45.0,35.95048369921253
1446,2020-10-29,33.0,40.82355172981009
1447,2020-10-30,37.0,34.11651557380499
1448,2020-10-31,19.0,32.207165271823186
1449,2020-11-01,28.0,22.938345239501192
1450,2020-11-02,22.0,34.738144735055165
1451,2020-11-03,38.0,27.355078660782002
1452,2020-11-04,36.0,36.50487712093476
1453,2020-11-05,30.0,34.963841332952526
1454,2020-11-06,46.0,31.75540725980913
1455,2020-11-07,22.0,36.843261123550725
1456,2020-11-08,17.0,24.687646280932046
1457,2020-11-09,39.0,28.32404091647538
1458,2020-11-10,38.0,37.2677845622235
1459,2020-11-11,35.0,36.50487712093476
1460,2020-11-12,34.0,34.380740985808906
1461,2020-11-13,38.0,34.08780864838359
1462,2020-11-14,36.0,32.17845834640179
1463,2020-11-15,26.0,32.85105114094269
1464,2020-11-16,36.0,33.57194404076793
1465,2020-11-17,34.0,35.51848352079264
1466,2020-11-18,41.0,34.17247573236029
1467,2020-11-19,39.0,37.879343068670615
1468,2020-11-20,37.0,37.00331038410168
1469,2020-11-21,20.0,31.595357999258173
1470,2020-11-22,15.0,23.521445586644813
1471,2020-11-23,27.0,27.157840222188145
1472,2020-11-24,40.0,30.270580396500087
1473,2020-11-25,42.0,37.67107781522199
1474,2020-11-26,34.0,38.46244341581423
1475,2020-11-27,23.0,34.08780864838359
1476,2020-11-28,31.0,23.43195313924753
1477,2020-11-29,29.0,29.935549405224602
1478,2020-11-30,42.0,35.321245082198786
1479,2020-12-01,39.0,37.98026978132066
1480,2020-12-02,42.0,36.05116164574469
1481,2020-12-03,39.0,37.42562759348054
1482,2020-12-04,41.0,35.966494561767995
1483,2020-12-05,23.0,32.89094356549896
1484,2020-12-06,17.0,24.233930805741974
1485,2020-12-07,38.0,27.28722509414169
1486,2020-12-08,29.0,35.64786839274619
1487,2020-12-09,36.0,30.22015817430852
1488,2020-12-10,22.0,33.92702551061884
1489,2020-12-11,28.0,26.0537886603265
1490,2020-12-12,15.0,25.310639052631924
1491,2020-12-13,19.0,19.569128028593035
1492,2020-12-14,38.0,28.453425788428923
1493,2020-12-15,42.0,35.64786839274619
1494,2020-12-16,31.0,37.80046268717554
1495,2020-12-17,29.0,31.011523774900752
1496,2020-12-18,23.0,30.135491090331822
1497,2020-12-19,19.0,22.39513731691384
1498,2020-12-20,28.0,21.901529417167502
1499,2020-12-21,39.0,33.70132891272148
1500,2020-12-22,19.0,36.23096873988981
1501,2020-12-23,32.0,24.389154702872343
1502,2020-12-24,13.0,31.59462412204437
1503,2020-12-25,17.0,20.805885536033944
1504,2020-12-26,22.0,18.896535234052134
1505,2020-12-27,17.0,23.650830458598357
1506,2020-12-28,24.0,27.28722509414169
1507,2020-12-29,26.0,27.484463532735546
1508,2020-12-30,37.0,28.470857132877665
1509,2020-12-31,14.0,34.51012585776246
1510,2021-01-01,15.0,22.217876058338636
1511,2021-01-02,21.0,18.559224714925975
1512,2021-01-03,25.0,23.896620286615814
1513,2021-01-04,34.0,32.7809180464517
1514,2021-01-05,17.0,34.14435717933279
1515,2021-01-06,26.0,24.051844183746184
1516,2021-01-07,28.0,28.92491221434374
1517,2021-01-08,37.0,30.381280918349276
1518,2021-01-09,26.0,31.387432352085558
1519,2021-01-10,27.0,26.8121220223339
1520,2021-01-11,31.0,33.94711874073894
1521,2021-01-12,31.0,32.395056137901946
1522,2021-01-13,38.0,32.21524904375683
1523,2021-01-14,26.0,35.92211638006715
1524,2021-01-15,26.0,29.215080224062042
1525,2021-01-16,18.0,24.973328533505764
1526,2021-01-17,29.0,22.14731924518496
1527,2021-01-18,35.0,35.11331943502618
1528,2021-01-19,29.0,34.727457526476414
1529,2021-01-20,15.0,31.049048349469594
1530,2021-01-21,33.0,22.51080839576395
1531,2021-01-22,41.0,33.296782654067364
1532,2021-01-23,24.0,33.71983374066003
1533,2021-01-24,24.0,25.645921328046665
1534,2021-01-25,30.0,32.19781769930809
1535,2021-01-26,36.0,31.811955790758326
1536,2021-01-27,40.0,35.130750779474916
1537,2021-01-28,36.0,37.088317074354386
1538,2021-01-29,44.0,35.046083695498226
1539,2021-01-30,18.0,35.46913478209088
1540,2021-01-31,27.0,22.14731924518496
1541,2021-02-01,22.0,35.34666697328243
1542,2021-02-02,36.0,28.54670124615288
1543,2021-02-03,32.0,36.53029901201841
1544,2021-02-04,29.0,33.82306252974894
1545,2021-02-05,34.0,32.36392949803639
1546,2021-02-06,28.0,31.037679543198198
1547,2021-02-07,20.0,29.377870949164627
1548,2021-02-08,30.0,31.264964543277113
1549,2021-02-09,21.0,33.21150402330182
1550,2021-02-10,33.0,27.78379380486415
1551,2021-02-11,24.0,34.40616287689256
1552,2021-02-12,36.0,29.448427762318303
1553,2021-02-13,19.0,32.203880237485436
1554,2021-02-14,3.0,24.12996782487207
1555,2021-02-15,37.0,21.352258641835615
1556,2021-02-16,33.0,37.29320645330714
1557,2021-02-17,28.0,34.780997970587556
1558,2021-02-18,38.0,31.490661141174467
1559,2021-02-19,31.0,37.611832622328954
1560,2021-02-20,22.0,29.288378501767347
1561,2021-02-21,16.0,25.879268866302926
1562,2021-02-22,45.0,28.932563154702642
1563,2021-02-23,28.0,41.958009230456085
1564,2021-02-24,33.0,31.865496234869468
1565,2021-02-25,32.0,34.40616287689256
1566,2021-02-26,27.0,34.113230539467246
1567,2021-02-27,31.0,26.955977113192876
1568,2021-02-28,34.0,31.127171990595482
1569,2021-03-01,22.0,41.37511781824223
1570,2021-03-02,32.0,30.493449661107363
1571,2021-03-03,39.0,36.14464603839842
1572,2021-03-04,63.0,39.851513374708745
1573,2021-03-05,35.0,54.136089715873865
1574,2021-03-06,38.0,33.56752830529629
1575,2021-03-07,42.0,37.155622835555285
1576,2021-03-08,37.0,46.03992059539117
1577,2021-03-09,33.0,39.23995486826162
1578,2021-03-10,42.0,36.727746385542034
1579,2021-03-11,34.0,41.60081441613959
1580,2021-03-12,52.0,37.22617964870896
1581,2021-03-13,27.0,43.4802342067378
1582,2021-03-14,48.0,30.741519016975488
1583,2021-03-15,43.0,49.538522678252875
1584,2021-03-16,40.0,42.73855695112333
1585,2021-03-17,47.0,40.809448815547356
1586,2021-03-18,32.0,44.51631615185768
1587,2021-03-19,39.0,36.05997895442172
1588,2021-03-20,28.0,35.89992969387077
1589,2021-03-21,18.0,31.32461936411911
1590,2021-03-22,27.0,32.04551226394435
1591,2021-03-23,41.0,33.408951396825444
1592,2021-03-24,35.0,41.392549162690976
1593,2021-03-25,44.0,37.51911198613427
1594,2021-03-26,41.0,43.05718312014513
1595,2021-03-27,13.0,37.066130388158
1596,2021-03-28,15.0,22.57811415696485
1597,2021-03-29,35.0,30.296211222513506
1598,2021-03-30,33.0,38.073754173974386
1599,2021-03-31,33.0,36.727746385542034
1600,2021-04-01,28.0,36.708001733683695
1601,2021-04-02,17.0,34.08266800768391
1602,2021-04-03,23.0,23.42681249854784
1603,2021-04-04,21.0,28.76420807023768
1604,2021-04-05,36.0,34.149903747211866
1605,2021-04-06,44.0,39.011944962954665
1606,2021-04-07,37.0,43.49694064595848
1607,2021-04-08,31.0,39.04040312225816
1608,2021-04-09,42.0,35.83196904911476
1609,2021-04-10,27.0,38.00432117713827
1610,2021-04-11,24.0,31.096609458812146
1611,2021-04-12,44.0,35.89920478864271
1612,2021-04-13,32.0,43.6767477401036
1613,2021-04-14,41.0,36.49973648023508
1614,2021-04-15,41.0,41.37280451083263
1615,2021-04-16,30.0,41.662972520550944
1616,2021-04-17,28.0,31.007117011414866
1617,2021-04-18,21.0,31.679709805955763
1618,2021-04-19,35.0,34.149903747211866
1619,2021-04-20,38.0,38.42884461581104
1620,2021-04-21,38.0,39.99833856309677
1621,2021-04-22,24.0,39.623503469401776
1622,2021-04-23,42.0,31.75026661910944
1623,2021-04-24,31.0,38.00432117713827
1624,2021-04-25,29.0,33.42901084738662
1625,2021-04-26,42.0,38.81470652436081
1626,2021-04-27,35.0,42.51054704581636
1627,2021-04-28,38.0,38.249037521665926
1628,2021-04-29,37.0,39.623503469401776
1629,2021-04-30,40.0,39.33057113197646
1630,2021-05-01,17.0,33.76956468211118
1631,2021-05-02,1.0,22.197050186636112
1632,2021-05-03,37.0,19.419341003599655
1633,2021-05-04,30.0,36.52648950935841
1634,2021-05-05,22.0,32.26497998520798
1635,2021-05-06,29.0,27.22534211436404
1636,2021-05-07,36.0,31.597212554087665
1637,2021-05-08,43.0,31.43716329353671
1638,2021-05-09,25.0,37.357659212370166
1639,2021-05-10,32.0,33.413749335046475
1640,2021-05-11,42.0,33.61098777364033
1641,2021-05-12,31.0,39.26218415093138
1642,2021-05-13,36.0,32.473245238656595
1643,2021-05-14,42.0,35.67891498409299
1644,2021-05-15,20.0,34.93576537639841
1645,2021-05-16,30.0,23.946351228066966
1646,2021-05-17,26.0,36.329251070764556
1647,2021-05-18,54.0,30.112385690778623
1648,2021-05-19,34.0,46.25938831665479
1649,2021-05-20,25.0,34.22254628008744
1650,2021-05-21,29.0,29.264811165513194
1651,2021-05-22,22.0,27.355460863531388
1652,2021-05-23,23.0,25.1125519223542
1653,2021-05-24,30.0,32.247548640759234
1654,2021-05-25,23.0,32.44478707935309
1655,2021-05-26,32.0,28.183277555202658
1656,2021-05-27,32.0,33.056345585800216
1657,2021-05-28,46.0,33.346513595518516
1658,2021-05-29,25.0,37.26816676497288
1659,2021-05-30,28.0,26.86185296378505
1660,2021-05-31,46.0,35.16305037647732
1661,2021-06-01,41.0,41.3534364445908
1662,2021-06-02,26.0,38.2581276147276
1663,2021-06-03,28.0,29.136787313878333
1664,2021-06-04,28.0,30.59315601788387
1665,2021-06-05,33.0,26.351404327327593
1666,2021-06-06,26.0,31.105699551873816
1667,2021-06-07,34.0,33.57589349312991
1668,2021-06-08,34.0,34.35623227886739
1669,2021-06-09,27.0,34.17642518472228
1670,2021-06-10,27.0,29.71988766102195
1671,2021-06-11,26.0,30.010055670740254
1672,2021-06-12,24.0,25.18520363304036
1673,2021-06-13,22.0,25.85779642758126
1674,2021-06-14,20.0,31.243492104555447
1675,2021-06-15,22.0,26.192827418856748
1676,2021-06-16,23.0,27.179221018998867
1677,2021-06-17,26.0,27.387486272447482
1678,2021-06-18,24.0,29.426955323596637
1679,2021-06-19,19.0,24.019002938753125
1680,2021-06-20,24.0,22.94229469186317
1681,2021-06-21,19.0,32.409692798842684
1682,2021-06-22,22.0,25.609727071713127
1683,2021-06-23,23.0,27.179221018998867
1684,2021-06-24,18.0,27.387486272447482
1685,2021-06-25,21.0,24.762152546447698
1686,2021-06-26,12.0,22.269701897322275
1687,2021-06-27,24.0,18.860592261857853
1688,2021-06-28,25.0,32.409692798842684
1689,2021-06-29,30.0,29.108329154574832
1690,2021-06-30,27.0,31.844023796147805
1691,2021-07-01,33.0,29.373308583964807
1692,2021-07-02,34.0,33.162078676544816
1693,2021-07-03,16.0,29.503427333132155
1694,2021-07-04,19.0,20.846414573375178
1695,2021-07-05,21.0,29.14761198606745
1696,2021-07-06,22.0,26.42934868894322
1697,2021-07-07,29.0,26.832641941941723
1698,2021-07-08,20.0,30.539509278252044
1699,2021-07-09,31.0,25.581774163677792
1700,2021-07-10,18.0,27.754126291701304
1701,2021-07-11,26.0,22.01261526766241
1702,2021-07-12,45.0,33.22931441607277
1703,2021-07-13,33.0,40.42375702039004
1704,2021-07-14,31.0,33.24674576052151
1705,2021-07-15,38.0,31.705709972539278
1706,2021-07-16,38.0,36.07758041226291
1707,2021-07-17,23.0,31.835828721706626
1708,2021-07-18,25.0,24.9281170033805
1709,2021-07-19,24.0,32.646214068929154
1710,2021-07-20,21.0,28.178649730374072
1711,2021-07-21,32.0,26.249541594798107
1712,2021-07-22,18.0,32.288810319682895
1713,2021-07-23,25.0,24.415573469390555
1714,2021-07-24,18.0,24.2555242088396
1715,2021-07-25,21.0,22.01261526766241
1716,2021-07-26,24.0,30.313812680354687
1717,2021-07-27,30.0,28.178649730374072
1718,2021-07-28,30.0,31.497444719090662
1719,2021-07-29,26.0,31.12260962539566
1720,2021-07-30,20.0,29.080376246539494
1721,2021-07-31,27.0,21.340022473121515
1722,2021-08-01,25.0,27.90081814046586
1723,2021-08-02,20.0,33.286513817440046
1724,2021-08-03,34.0,26.486548090310496
1725,2021-08-04,23.0,34.470145856176025
1726,2021-08-05,19.0,27.68120694390123
1727,2021-08-06,29.0,25.638973565045063
1728,2021-08-07,27.0,27.22822534592496
1729,2021-08-08,29.0,27.90081814046586
1730,2021-08-09,28.0,35.61891520601452
1731,2021-08-10,18.0,31.15135086745943
1732,2021-08-11,37.0,25.140540301878143
1733,2021-08-12,33.0,35.84461180391188
1734,2021-08-13,31.0,33.80237842505571
1735,2021-08-14,31.0,28.394426040212196
1736,2021-08-15,22.0,30.23321952904033
1737,2021-08-16,31.0,31.537212776009195
1738,2021-08-17,27.0,32.90065190889028
1739,2021-08-18,35.0,30.3884434261707
1740,2021-08-19,34.0,34.67841110962464
1741,2021-08-20,16.0,34.38547877219933
1742,2021-08-21,19.0,19.647920833057935
1743,2021-08-22,18.0,23.23601536331692
1744,2021-08-23,39.0,29.204811387434724
1745,2021-08-24,30.0,37.56545468603923
1746,2021-08-25,46.0,32.13774446760155
1747,2021-08-26,33.0,41.09251492820443
1748,2021-08-27,37.0,33.80237842505571
1749,2021-08-28,26.0,31.8930281230739
1750,2021-08-29,23.0,27.31771779332224
1751,2021-08-30,30.0,32.12031312315281
1752,2021-08-31,43.0,32.31755156174667
1753,2021-09-01,30.0,40.01871392226065
1754,2021-09-02,31.0,32.06357431569863
1755,2021-09-03,42.0,32.936842672560545
1756,2021-09-04,25.0,35.10919480058406
1757,2021-09-05,17.0,27.0352823879707
1758,2021-09-06,43.0,28.92237598208318
1759,2021-09-07,34.0,40.19852101640577
1760,2021-09-08,28.0,34.770810797968096
1761,2021-09-09,38.0,30.89737362141139
1762,2021-09-10,36.0,37.018545102565874
1763,2021-09-11,14.0,31.61059271772236
1764,2021-09-12,16.0,20.62117856939091
1765,2021-09-13,33.0,28.339275634939565
1766,2021-09-14,38.0,34.367517544969594
1767,2021-09-15,27.0,37.103212186542564
1768,2021-09-16,18.0,30.314273274267773
1769,2021-09-17,32.0,25.35653815969352
1770,2021-09-18,10.0,29.278191329147887
1771,2021-09-19,13.0,18.28877718081644
1772,2021-09-20,27.0,26.589974593508714
1773,2021-09-21,29.0,30.86891546210789
1774,2021-09-22,16.0,31.85530906225001
1775,2021-09-23,33.0,23.900169455687983
1776,2021-09-24,20.0,34.103043366847785
1777,2021-09-25,15.0,22.28098716342448
1778,2021-09-26,21.0,21.204278916534527
1779,2021-09-27,21.0,31.254777370657653
1780,2021-09-28,18.0,27.370313379246188
1781,2021-09-29,17.0,25.44120524367022
1782,2021-09-30,17.0,24.4832698028316
1783,2021-10-01,11.0,24.78691001950711
1784,2021-10-02,8.0,17.04655624608913
1785,2021-10-03,15.0,17.13604869348641
1786,2021-10-04,60.0,27.769647494753155
1787,2021-10-05,39.0,50.124699124804465
1788,2021-10-06,27.0,37.69978474064339
1789,2021-10-07,28.0,30.32774548122498
1790,2021-10-08,31.0,31.2010138380869
1791,2021-10-09,46.0,28.708563188961477
1792,2021-10-10,27.0,39.293861884943865
1793,2021-10-11,32.0,34.76685166047656
1794,2021-10-12,28.0,33.797889404783184
1795,2021-10-13,37.0,31.285680922063598
1796,2021-10-14,43.0,36.158748952661156
1797,2021-10-15,33.0,39.947519045241165
1798,2021-10-16,21.0,29.87476388324871
1799,2021-10-17,21.0,24.71635320635344
1800,2021-10-18,24.0,31.26824957761486
1801,2021-10-19,27.0,29.133086627634246
1802,2021-10-20,30.0,30.70258057491998
1803,2021-10-21,32.0,32.077046522655834
1804,2021-10-22,35.0,33.533415226661376
1805,2021-10-23,24.0,31.040964577535945
1806,2021-10-24,15.0,26.46565424778429
1807,2021-10-25,25.0,27.769647494753155
1808,2021-10-26,15.0,29.716186974777862
1809,2021-10-27,26.0,23.705376409196575
1810,2021-10-28,27.0,29.744645134081363
1811,2021-10-29,38.0,30.617913490943284
1812,2021-10-30,23.0,32.7902656189668
1813,2021-10-31,25.0,25.882553900640673
1814,2021-11-01,32.0,32.98884369362432
1815,2021-11-02,26.0,33.186082132218175
1816,2021-11-03,41.0,29.507672955211355
1817,2021-11-04,20.0,37.879343068670615
1818,2021-11-05,24.0,25.924403788372956
1819,2021-11-06,13.0,24.015053486391146
1820,2021-11-07,18.0,19.43974315663949
1821,2021-11-08,26.0,28.907141263618996
1822,2021-11-09,28.0,29.68748004935647
1823,2021-11-10,27.0,30.67387364949859
1824,2021-11-11,33.0,29.71593820865997
1825,2021-11-12,21.0,33.50470830123998
1826,2021-11-13,14.0,22.265752444960295
1827,2021-11-14,23.0,20.022843503783108
1828,2021-11-15,15.0,31.822642999337084
1829,2021-11-16,24.0,23.27337623077668
1830,2021-11-17,20.0,28.34147226092412
1831,2021-11-18,20.0,25.634235778654652
1832,2021-11-19,32.0,25.924403788372956
1833,2021-11-20,20.0,28.679856263540085
1834,2021-11-21,35.0,23.521445586644813
1835,2021-11-22,31.0,38.81984716506049
1836,2021-11-23,27.0,32.60298178507456
1837,2021-11-24,47.0,30.09077330235497
1838,2021-11-25,28.0,41.377945151532316
1839,2021-11-26,31.0,30.58920656552189
1840,2021-11-27,24.0,28.096755916396468
1841,2021-11-28,28.0,25.85384697521928
1842,2021-11-29,23.0,34.738144735055165
1843,2021-11-30,23.0,27.93817900792562
1844,2021-12-01,8.0,26.721556091446814
1845,2021-12-02,11.0,17.600215790597552
1846,2021-12-03,17.0,19.63968484174671
1847,2021-12-04,11.0,18.896535234052134
1848,2021-12-05,9.0,17.236726640018567
1849,2021-12-06,14.0,22.62242231699275
1850,2021-12-07,30.0,21.653460061299374
1851,2021-12-08,61.0,30.803258521452136
1852,2021-12-09,37.0,48.504534189209274
1853,2021-12-10,27.0,34.80029386748076
1854,2021-12-11,5.0,24.727538705488307
1855,2021-12-12,9.0,13.73812455715686
1856,2021-12-13,28.0,22.62242231699275
1857,2021-12-14,16.0,29.816864921310014
1858,2021-12-15,20.0,22.639853661441492
1859,2021-12-16,20.0,24.597419956320962
1860,2021-12-17,23.0,24.887587966039266
1861,2021-12-18,10.0,22.39513731691384
1862,2021-12-19,24.0,16.653626292874947
1863,2021-12-20,25.0,31.36892752414701
1864,2021-12-21,23.0,28.067563879879163
1865,2021-12-22,16.0,26.721556091446814
1866,2021-12-23,15.0,22.26501856774649
1867,2021-12-24,14.0,21.972086230321178
1868,2021-12-25,22.0,17.147234192621283
1869,2021-12-26,17.0,23.650830458598357
1870,2021-12-27,21.0,27.28722509414169
1871,2021-12-28,20.0,25.735162491304695
1872,2021-12-29,14.0,24.972255050015963
1873,2021-12-30,12.0,21.098817873459257
1874,2021-12-31,6.0,20.222785188890327
1875,2022-01-01,16.0,13.311321590633419
1876,2022-01-02,14.0,20.981118550897726
1877,2022-01-03,16.0,26.366814227871913
1878,2022-01-04,20.0,23.64855093074768
1879,2022-01-05,8.0,25.801145225177038
1880,2022-01-06,19.0,18.429105965758627
1881,2022-01-07,19.0,25.13337779405672
1882,2022-01-08,15.0,20.891626103500442
1883,2022-01-09,15.0,20.39801820375411
1884,2022-01-10,15.0,26.94991457501553
1885,2022-01-11,20.0,23.065450583604065
1886,2022-01-12,12.0,25.801145225177038
1887,2022-01-13,12.0,20.761507354333098
1888,2022-01-14,12.0,21.051675364051402
1889,2022-01-15,6.0,16.80992367349512
1890,2022-01-16,8.0,15.150115079461553
1891,2022-01-17,14.0,22.868212145010208
1892,2022-01-18,13.0,22.482350236460448
1893,2022-01-19,14.0,21.719442795171716
1894,2022-01-20,17.0,21.92770804862033
1895,2022-01-21,15.0,23.967177099769486
1896,2022-01-22,6.0,18.559224714925975
1897,2022-01-23,8.0,15.150115079461553
1898,2022-01-24,18.0,22.868212145010208
1899,2022-01-25,12.0,24.814751625034916
1900,2022-01-26,11.0,21.136342448028095
1901,2022-01-27,18.0,20.17840700718948
1902,2022-01-28,12.0,24.550277446913103
1903,2022-01-29,12.0,16.80992367349512
1904,2022-01-30,21.0,18.64871716232326
1905,2022-01-31,13.0,30.448516657877235
1906,2022-02-01,21.0,23.298798121860326
1907,2022-02-02,14.0,27.78379380486415
1908,2022-02-03,10.0,23.327256281163827
1909,2022-02-04,14.0,21.28502290230766
1910,2022-02-05,9.0,19.375672600325853
1911,2022-02-06,17.0,18.2989643534359
1912,2022-02-07,25.0,29.51566350184626
1913,2022-02-08,16.0,30.296002287583732
1914,2022-02-09,28.0,24.86829206914606
1915,2022-02-10,12.0,31.490661141174467
1916,2022-02-11,20.0,22.451223596594897
1917,2022-02-12,11.0,22.874274683187558
1918,2022-02-13,8.0,19.465165047723136
1919,2022-02-14,,24.267760377553703
1920,2022-02-15,,29.869033109542986
1921,2022-02-16,,32.955330089866905
1922,2022-02-17,,34.38011583678708
1923,2022-02-18,,35.50107691013981
1924,2022-02-19,,31.91295801058999
1925,2022-02-20,,31.65951812349805
1926,2022-02-21,,38.06363360861612
1927,2022-02-22,,37.913411579724816
1928,2022-02-23,,37.64600996838457
1929,2022-02-24,,37.1152529022903
1930,2022-02-25,,37.095936282520114
1931,2022-02-26,,32.8429210642702
1932,2022-02-27,,32.201779902929715
1933,2022-02-28,,38.37982664044544
1934,2022-03-01,,40.04453226130337
1935,2022-03-02,,40.83541559257244
1936,2022-03-03,,40.92174484389054
1937,2022-03-04,,41.26225147002107
1938,2022-03-05,,37.21904931136621
1939,2022-03-06,,36.70025021791087
1940,2022-03-07,,42.94963465768069
1941,2022-03-08,,42.70918890253293
1942,2022-03-09,,42.38917780509195
1943,2022-03-10,,41.827744129389295
1944,2022-03-11,,41.790539967907264
1945,2022-03-12,,37.52709451787563
1946,2022-03-13,,36.87987148476245
1947,2022-03-14,,43.05437188073622
1948,2022-03-15,,42.770261213655466
1949,2022-03-16,,42.424789090908355
1950,2022-03-17,,41.84850908251107
1951,2022-03-18,,41.802648019280994
1952,2022-03-19,,37.534154726834885
1953,2022-03-20,,36.88398829505749
1954,2022-03-21,,43.056772394248384
1955,2022-03-22,,42.77166095391773
1956,2022-03-23,,42.425605279941195
1957,2022-03-24,,41.84898500261946
1958,2022-03-25,,41.80292552846141
1959,2022-03-26,,37.53431654253432
1960,2022-03-27,,36.884082649848004
1961,2022-03-28,,43.056827412559485
1962,2022-03-29,,42.77169303511403
1963,2022-03-30,,42.4256239864979
1964,2022-03-31,,41.84899591041916
1965,2022-04-01,,42.15802233063986
1966,2022-04-02,,38.09646405299082
1967,2022-04-03,,37.56696150017776
1968,2022-04-04,,43.81010474908046
1969,2022-04-05,,43.566019753371485
1970,2022-04-06,,43.243886613495924
1971,2022-04-07,,42.68121557411302
1972,2022-04-08,,42.643289905439495
1973,2022-04-09,,38.37942374431403
1974,2022-04-10,,37.731955394415984
1975,2022-04-11,,43.906312746087345
1976,2022-04-12,,43.6221186698242
1977,2022-04-13,,43.27659791115388
1978,2022-04-14,,42.70028954313289
1979,2022-04-15,,42.65441194339639
1980,2022-04-16,,38.38590900850764
1981,2022-04-17,,37.73573695421859
1982,2022-04-18,,43.90851777492099
1983,2022-04-19,,43.62340442290256
1984,2022-04-20,,43.27734763422021
1985,2022-04-21,,42.70072670691314
1986,2022-04-22,,42.6546668537484
1987,2022-04-23,,38.38605764682239
1988,2022-04-24,,37.73582362527152
1989,2022-04-25,,43.90856831284204
1990,2022-04-26,,43.62343389158187
1991,2022-04-27,,43.27736481741734
1992,2022-04-28,,42.70073672644134
1993,2022-04-29,,42.65467269613878
1994,2022-04-30,,38.38606105352225
1995,2022-05-01,,34.667269810979526
1996,2022-05-02,,39.050737717759645
1997,2022-05-03,,37.722275384484576
1998,2022-05-04,,36.76784144263954
1999,2022-05-05,,35.836475586129055
2000,2022-05-06,,35.583563841598384
2001,2022-05-07,,31.19433922500957
2002,2022-05-08,,30.473774316213458
2003,2022-05-09,,36.60550903901636
2004,2022-05-10,,36.29646169306384
2005,2022-05-11,,35.936448984209996
2006,2022-05-12,,35.351690355006205
2007,2022-05-13,,35.30088540504055
2008,2022-05-14,,31.029509330522686
2009,2022-05-15,,30.377661947518508
2010,2022-05-16,,36.54946588346554
2011,2022-05-17,,36.26378290960712
2012,2022-05-18,,35.91739397423215
2013,2022-05-19,,35.34057937207329
2014,2022-05-20,,35.29440658703526
2015,2022-05-21,,31.02573152949472
2016,2022-05-22,,30.375459110427663
2017,2022-05-23,,36.54818140839316
2018,2022-05-24,,36.26303393174653
2019,2022-05-25,,35.91695724498164
2020,2022-05-26,,35.34032471509571
2021,2022-05-27,,35.29425809646323
2022,2022-05-28,,31.02564494459062
2023,2022-05-29,,30.375408622740025
2024,2022-05-30,,36.54815196900497
2025,2022-05-31,,36.263016765629054
2026,2022-06-01,,35.4959910463524
2027,2022-06-02,,34.673902989479096
2028,2022-06-03,,34.48471116785196
2029,2022-06-04,,30.132641660428167
2030,2022-06-05,,29.433741908684333
2031,2022-06-06,,35.57810959208533
2032,2022-06-07,,35.276428529843024
2033,2022-06-08,,34.92071110357776
2034,2022-06-09,,34.33845705514245
2035,2022-06-10,,34.28911252709235
2036,2022-06-11,,30.018588025100417
2037,2022-06-12,,29.367237194331732
2038,2022-06-13,,35.53933067005965
2039,2022-06-14,,35.253816526947986
